bug_id,test_target,buggy_status,fixed_status,fault_detected
1,org.jfree.chart.renderer.category.junit.Chart1BPSOCandidateTest::testOneSeriesAcrossTwoCategories,FAIL,PASS,DETECTED
2,org.jfree.data.general.junit.Chart2GeneratedTest::testRangeBoundsIgnoreMissingCentralYValue,FAIL,PASS,DETECTED
3,org.jfree.data.time.junit.Chart3GeneratedTest::testCreateCopyRecalculatesMinAndMaxY,FAIL,PASS,DETECTED
4,org.jfree.chart.axis.junit.Chart4GeneratedTest::testScatterPlotAcceptsLogRangeAxisDuringAutoRange,FAIL,PASS,DETECTED
5,org.jfree.data.xy.junit.Chart5GeneratedTest::testAddOrUpdatePreservesDuplicateXValuesWhenAllowed,FAIL,PASS,DETECTED
6,org.jfree.chart.util.junit.Chart6GeneratedTest::testEquivalentShapesAreEqual,PASS,PASS,NOT_DETECTED
7,org.jfree.data.time.junit.Chart7GeneratedTest::testMaxMiddleIndexUsesLatestPeriod,PASS,PASS,NOT_DETECTED
8,org.jfree.data.time.junit.Chart8GeneratedTest::testConstructorUsesSuppliedTimeZone,PASS,PASS,NOT_DETECTED
9,org.jfree.data.time.junit.Chart9GeneratedTest::testCreateCopyForDisjointPeriodRangeIsEmpty,PASS,PASS,NOT_DETECTED
10,org.jfree.chart.imagemap.junit.Chart10GeneratedTest::testTooltipEscapesHtmlQuotes,FAIL,PASS,DETECTED
11,org.jfree.chart.util.junit.Chart11GeneratedTest::testEquivalentGeneralPathsAreEqual,FAIL,PASS,DETECTED
12,org.jfree.chart.plot.junit.Chart12GeneratedTest::testConstructorRegistersDatasetListener,FAIL,PASS,DETECTED
13,org.jfree.chart.block.junit.Chart13GeneratedTest::testSizingWithTooSmallWidthDoesNotCreateInvalidRange,FAIL,PASS,DETECTED
14,org.jfree.chart.plot.junit.Chart14GeneratedTest::testRemovingUnknownMarkersReturnsFalse,FAIL,PASS,DETECTED
15,org.jfree.chart.plot.junit.Chart15GeneratedTest::testPieChartWithNullDatasetDrawsWithoutException,FAIL,PASS,DETECTED
16,org.jfree.data.category.junit.Chart16GeneratedTest::testEmptyDatasetHasUsableEmptyKeys,FAIL,PASS,DETECTED
17,org.jfree.data.time.junit.Chart17GeneratedTest::testCloneOfEmptySeriesIsIndependent,FAIL,FAIL,NOT_DETECTED
18,org.jfree.data.category.junit.Chart18GeneratedTest::testRemoveAndReAddColumnKeepsNewValue,FAIL,PASS,DETECTED
19,org.jfree.chart.plot.junit.Chart19GeneratedTest::testNullAxisIsRejected,FAIL,PASS,DETECTED
20,org.jfree.chart.plot.junit.Chart20GeneratedTest::testConstructorPreservesOutlineArguments,FAIL,PASS,DETECTED
21,org.jfree.data.statistics.junit.Chart21GeneratedTest::testReplacingBoundaryItemRecalculatesRange,FAIL,PASS,DETECTED
22,org.jfree.data.junit.Chart22GeneratedTest::testRemovingSparseColumnKeepsOtherColumn,FAIL,PASS,DETECTED
23,org.jfree.chart.renderer.category.junit.Chart23GeneratedTest::testEqualityIncludesRendererConfiguration,FAIL,PASS,DETECTED
24,org.jfree.chart.renderer.junit.Chart24GeneratedTest::testOutOfRangeValuesAreClamped,FAIL,PASS,DETECTED
25,org.jfree.chart.renderer.category.junit.Chart25GeneratedTest::testVerticalDrawAllowsNullMeanAndDeviation,FAIL,PASS,DETECTED
26,org.jfree.chart.axis.junit.Chart26GeneratedTest::testAxisDrawAllowsPlotInfoWithoutOwner,FAIL,PASS,DETECTED
