project,bug_id,model,method_type,round,status,pair_status,coverage_status,declared_test_methods,fixed_failing_tests,buggy_failing_tests,line_total,line_covered,line_coverage_pct,condition_total,condition_covered,condition_coverage_pct,api_seconds,generation_seconds,search_budget_seconds,setup_compile_seconds,fixed_test_seconds,buggy_test_seconds,coverage_seconds,tokens,generation_calls,generation_reference,stability_runs,coverage_scope,execution_time_scope,target_classes,suite_sha256,config_sha256,output_dir,error
Closure,1,SA,algorithm,1,DONE,NOT_DETECTED,OK,0,0,0,392,17,4.337,287,0,0.0,0,55.719,30,92.66,27.006,31.647,24.249,0,0,fixed,2,"fixed version, classes.modified, generated external suite only",defects4j test wall time including incremental compile; API/setup/coverage separate,com.google.javascript.jscomp.RemoveUnusedVars,54a931ccaac188deb9659079a384c2227060eae3754b6b128adfebee9616e796,c15b9cd1d110436d15181b205a19ed344c4c4dfaf129dbe4d6e7d069be0e9ceb,/home/acer/SQA/all-in-one-results/Closure/SA_360bf3a8/round1/Closure-1,
Closure,10,SA,algorithm,1,DONE,NOT_DETECTED,OK,0,0,0,1032,282,27.326,1028,142,13.813,0,188.881,30,71.365,28.858,23.961,20.128,0,0,fixed,2,"fixed version, classes.modified, generated external suite only",defects4j test wall time including incremental compile; API/setup/coverage separate,com.google.javascript.jscomp.NodeUtil,607b08ac6829be0040905cdfe6415a42a8695517e7b612c96c53141a3ec67afc,c15b9cd1d110436d15181b205a19ed344c4c4dfaf129dbe4d6e7d069be0e9ceb,/home/acer/SQA/all-in-one-results/Closure/SA_360bf3a8/round1/Closure-10,
Closure,100,SA,algorithm,1,DONE,NOT_DETECTED,OK,0,0,0,45,19,42.222,56,13,23.214,0,40.786,30,19.226,7.6739999999999995,6.917,7.678,0,0,fixed,2,"fixed version, classes.modified, generated external suite only",defects4j test wall time including incremental compile; API/setup/coverage separate,com.google.javascript.jscomp.CheckGlobalThis,b48384c59584d67fcfaf796e7ff7d6c1f144ba44689937d5efe4805f0874b6bb,c15b9cd1d110436d15181b205a19ed344c4c4dfaf129dbe4d6e7d069be0e9ceb,/home/acer/SQA/all-in-one-results/Closure/SA_360bf3a8/round1/Closure-100,
Closure,101,SA,algorithm,1,DONE,NOT_DETECTED,OK,0,0,0,164,105,64.024,22,3,13.636,0,40.834,30,19.75,7.116,7.023,7.596,0,0,fixed,2,"fixed version, classes.modified, generated external suite only",defects4j test wall time including incremental compile; API/setup/coverage separate,com.google.javascript.jscomp.CommandLineRunner,73cce9af0c9930ba07805473ea03c5756d0523b25df20ca7f4bd93e322bf0034,c15b9cd1d110436d15181b205a19ed344c4c4dfaf129dbe4d6e7d069be0e9ceb,/home/acer/SQA/all-in-one-results/Closure/SA_360bf3a8/round1/Closure-101,
Closure,102,SA,algorithm,1,DONE,NOT_DETECTED,OK,0,0,0,186,98,52.688,109,43,39.45,0,58.684,30,21.422,9.949,7.587,8.36,0,0,fixed,2,"fixed version, classes.modified, generated external suite only",defects4j test wall time including incremental compile; API/setup/coverage separate,com.google.javascript.jscomp.Normalize,d2cf812055b9258445317360d9cdaf3eafb029086ef0ea06ee4ef00b603042a1,c15b9cd1d110436d15181b205a19ed344c4c4dfaf129dbe4d6e7d069be0e9ceb,/home/acer/SQA/all-in-one-results/Closure/SA_360bf3a8/round1/Closure-102,
Closure,103,SA,algorithm,1,DONE,NOT_DETECTED,OK,0,0,0,765,168,21.961,522,79,15.134,0,93.187,30,19.263,9.192,8.143,8.455,0,0,fixed,2,"fixed version, classes.modified, generated external suite only",defects4j test wall time including incremental compile; API/setup/coverage separate,com.google.javascript.jscomp.ControlFlowAnalysis;com.google.javascript.jscomp.DisambiguateProperties,a1ccba8486170a0df082e8c631f1e84d8a7decd10ab9ff91a924d248ed59d7db,c15b9cd1d110436d15181b205a19ed344c4c4dfaf129dbe4d6e7d069be0e9ceb,/home/acer/SQA/all-in-one-results/Closure/SA_360bf3a8/round1/Closure-103,
Closure,104,SA,algorithm,1,FAILED,INVALID_FIXED,NOT_RUN,51,,,,,,,,,0,138.864,30,19.9,,,,0,0,fixed,2,,,com.google.javascript.rhino.jstype.UnionType,,c15b9cd1d110436d15181b205a19ed344c4c4dfaf129dbe4d6e7d069be0e9ceb,/home/acer/SQA/all-in-one-results/Closure/SA_360bf3a8/round1/Closure-104,EvoSuite suite still does not pass the fixed version after filtering.
Closure,105,SA,algorithm,1,DONE,NOT_DETECTED,OK,0,0,0,994,71,7.143,739,37,5.007,0,59.354,30,20.534,13.64,13.276,13.32,0,0,fixed,2,"fixed version, classes.modified, generated external suite only",defects4j test wall time including incremental compile; API/setup/coverage separate,com.google.javascript.jscomp.FoldConstants,ac2112a0e057f6bf281398c614880a2549baa14b1b33adb944c5002bf631fff8,c15b9cd1d110436d15181b205a19ed344c4c4dfaf129dbe4d6e7d069be0e9ceb,/home/acer/SQA/all-in-one-results/Closure/SA_360bf3a8/round1/Closure-105,
Closure,106,SA,algorithm,1,DONE,DETECTED,OK,0,0,1,630,373,59.206,435,184,42.299,0,93.756,30,28.135,9.899000000000001,9.617,9.452,0,0,fixed,2,"fixed version, classes.modified, generated external suite only",defects4j test wall time including incremental compile; API/setup/coverage separate,com.google.javascript.jscomp.GlobalNamespace;com.google.javascript.rhino.JSDocInfoBuilder,a9d5353383571dc063b75ca009a3015901d1d19efb03d8fab8b013d115fc8eb6,c15b9cd1d110436d15181b205a19ed344c4c4dfaf129dbe4d6e7d069be0e9ceb,/home/acer/SQA/all-in-one-results/Closure/SA_360bf3a8/round1/Closure-106,
Closure,107,SA,algorithm,1,DONE,NOT_DETECTED,OK,0,0,0,328,136,41.463,69,10,14.493,0,57.398,30,56.124,14.29,15.206,13.353,0,0,fixed,2,"fixed version, classes.modified, generated external suite only",defects4j test wall time including incremental compile; API/setup/coverage separate,com.google.javascript.jscomp.CommandLineRunner,1253aee98f46b245221dcb6b9b83165125c96ca39adbf1807ab39d384d9a53d4,c15b9cd1d110436d15181b205a19ed344c4c4dfaf129dbe4d6e7d069be0e9ceb,/home/acer/SQA/all-in-one-results/Closure/SA_360bf3a8/round1/Closure-107,
Closure,108,SA,algorithm,1,DONE,NOT_DETECTED,OK,0,0,0,272,55,20.221,152,16,10.526,0,42.918,30,52.895,16.28,14.34,12.682,0,0,fixed,2,"fixed version, classes.modified, generated external suite only",defects4j test wall time including incremental compile; API/setup/coverage separate,com.google.javascript.jscomp.ScopedAliases,0d85a708ecd9f1b6fb211cf2b5d5de142d4ad2950b28fe2f1a9f794e1df07dbd,c15b9cd1d110436d15181b205a19ed344c4c4dfaf129dbe4d6e7d069be0e9ceb,/home/acer/SQA/all-in-one-results/Closure/SA_360bf3a8/round1/Closure-108,
Closure,109,SA,algorithm,1,DONE,NOT_DETECTED,OK,0,0,0,1148,258,22.474,709,107,15.092,0,71.415,30,54.179,16.07,14.927,14.231,0,0,fixed,2,"fixed version, classes.modified, generated external suite only",defects4j test wall time including incremental compile; API/setup/coverage separate,com.google.javascript.jscomp.parsing.JsDocInfoParser,b2f4e27378272c0defe8f98e9dbd66c17b4daf695fa2dc795a4215341e8bdd42,c15b9cd1d110436d15181b205a19ed344c4c4dfaf129dbe4d6e7d069be0e9ceb,/home/acer/SQA/all-in-one-results/Closure/SA_360bf3a8/round1/Closure-109,
Closure,11,SA,algorithm,1,DONE,NOT_DETECTED,OK,0,0,0,776,69,8.892,545,0,0.0,0,53.564,30,76.433,23.0,19.853,20.512,0,0,fixed,2,"fixed version, classes.modified, generated external suite only",defects4j test wall time including incremental compile; API/setup/coverage separate,com.google.javascript.jscomp.TypeCheck,cccc8f47249c7c9f72eb19a55b8cfe02de4072fa726a472bf4381659f3574750,c15b9cd1d110436d15181b205a19ed344c4c4dfaf129dbe4d6e7d069be0e9ceb,/home/acer/SQA/all-in-one-results/Closure/SA_360bf3a8/round1/Closure-11,
Closure,110,SA,algorithm,1,DONE,NOT_DETECTED,OK,0,0,0,1137,715,62.885,707,329,46.535,0,206.073,30,50.428,28.156,27.58,17.935,0,0,fixed,2,"fixed version, classes.modified, generated external suite only",defects4j test wall time including incremental compile; API/setup/coverage separate,com.google.javascript.jscomp.ScopedAliases;com.google.javascript.rhino.Node,ec7dc970cd0894ac387d98f38930586526c29568783838febf1733b0587f3e04,c15b9cd1d110436d15181b205a19ed344c4c4dfaf129dbe4d6e7d069be0e9ceb,/home/acer/SQA/all-in-one-results/Closure/SA_360bf3a8/round1/Closure-110,
Closure,111,SA,algorithm,1,DONE,NOT_DETECTED,OK,0,0,0,95,32,33.684,48,3,6.25,0,39.231,30,44.931,13.443999999999999,12.986,12.717,0,0,fixed,2,"fixed version, classes.modified, generated external suite only",defects4j test wall time including incremental compile; API/setup/coverage separate,com.google.javascript.jscomp.type.ClosureReverseAbstractInterpreter,aa407062202e002db374593e068888e96f0184b0a9615830b2fb7be1c2622244,c15b9cd1d110436d15181b205a19ed344c4c4dfaf129dbe4d6e7d069be0e9ceb,/home/acer/SQA/all-in-one-results/Closure/SA_360bf3a8/round1/Closure-111,
Closure,112,SA,algorithm,1,DONE,NOT_DETECTED,OK,0,0,0,715,6,0.839,465,2,0.43,0,43.511,30,49.448,13.123000000000001,13.352,16.282,0,0,fixed,2,"fixed version, classes.modified, generated external suite only",defects4j test wall time including incremental compile; API/setup/coverage separate,com.google.javascript.jscomp.TypeInference,d7c49ac15136c1ecb6e4e7fec434cee8a9639f0a040e28586b9e83c2759979ce,c15b9cd1d110436d15181b205a19ed344c4c4dfaf129dbe4d6e7d069be0e9ceb,/home/acer/SQA/all-in-one-results/Closure/SA_360bf3a8/round1/Closure-112,
Closure,113,SA,algorithm,1,DONE,NOT_DETECTED,OK,0,0,0,566,66,11.661,326,11,3.374,0,43.869,30,54.918,13.384,14.109,12.747,0,0,fixed,2,"fixed version, classes.modified, generated external suite only",defects4j test wall time including incremental compile; API/setup/coverage separate,com.google.javascript.jscomp.ProcessClosurePrimitives,eb785a9f188cb7f2dff94cc9a190da2eb0d5a3997f64293b754a0e5317491073,c15b9cd1d110436d15181b205a19ed344c4c4dfaf129dbe4d6e7d069be0e9ceb,/home/acer/SQA/all-in-one-results/Closure/SA_360bf3a8/round1/Closure-113,
Closure,114,SA,algorithm,1,DONE,NOT_DETECTED,OK,0,0,0,752,133,17.686,469,47,10.021,0,49.141,30,51.731,12.722999999999999,14.159,12.94,0,0,fixed,2,"fixed version, classes.modified, generated external suite only",defects4j test wall time including incremental compile; API/setup/coverage separate,com.google.javascript.jscomp.NameAnalyzer,47365767e9705bebdb0e33bcf2aee26182f031f48874fbc0b52cf0455d3a0524,c15b9cd1d110436d15181b205a19ed344c4c4dfaf129dbe4d6e7d069be0e9ceb,/home/acer/SQA/all-in-one-results/Closure/SA_360bf3a8/round1/Closure-114,
Closure,115,SA,algorithm,1,DONE,NOT_DETECTED,OK,0,0,0,303,46,15.182,218,1,0.459,0,46.222,30,53.259,13.658999999999999,13.485,13.421,0,0,fixed,2,"fixed version, classes.modified, generated external suite only",defects4j test wall time including incremental compile; API/setup/coverage separate,com.google.javascript.jscomp.FunctionInjector,0c7b9b55dd2bda2cad76351f4cdd1ccab76bfb13dff7e299be519dea5d2ec718,c15b9cd1d110436d15181b205a19ed344c4c4dfaf129dbe4d6e7d069be0e9ceb,/home/acer/SQA/all-in-one-results/Closure/SA_360bf3a8/round1/Closure-115,
Closure,116,SA,algorithm,1,DONE,NOT_DETECTED,OK,0,0,0,312,49,15.705,226,7,3.097,0,43.829,30,51.301,13.341000000000001,13.626000000000001,12.599,0,0,fixed,2,"fixed version, classes.modified, generated external suite only",defects4j test wall time including incremental compile; API/setup/coverage separate,com.google.javascript.jscomp.FunctionInjector,9c8e33b2bbe3cb681f2f8b5ba4a348db9c4150ba38c4785064127371142647b9,c15b9cd1d110436d15181b205a19ed344c4c4dfaf129dbe4d6e7d069be0e9ceb,/home/acer/SQA/all-in-one-results/Closure/SA_360bf3a8/round1/Closure-116,
Closure,117,SA,algorithm,1,DONE,NOT_DETECTED,OK,0,0,0,287,35,12.195,208,1,0.481,0,46.051,30,64.288,13.224,17.724,14.595,0,0,fixed,2,"fixed version, classes.modified, generated external suite only",defects4j test wall time including incremental compile; API/setup/coverage separate,com.google.javascript.jscomp.TypeValidator,95a2dea79030d7f06964385391caa97adc7f5fb2d7cdbdc20f6c93406169fd2f,c15b9cd1d110436d15181b205a19ed344c4c4dfaf129dbe4d6e7d069be0e9ceb,/home/acer/SQA/all-in-one-results/Closure/SA_360bf3a8/round1/Closure-117,
Closure,118,SA,algorithm,1,DONE,NOT_DETECTED,OK,0,0,0,464,11,2.371,328,0,0.0,0,44.956,30,53.465,12.176,12.953,11.842,0,0,fixed,2,"fixed version, classes.modified, generated external suite only",defects4j test wall time including incremental compile; API/setup/coverage separate,com.google.javascript.jscomp.DisambiguateProperties,8c9ef2e69ee823b7041f9d0b5c5273c7d22c6a679180de8632b09971ec59b5a2,c15b9cd1d110436d15181b205a19ed344c4c4dfaf129dbe4d6e7d069be0e9ceb,/home/acer/SQA/all-in-one-results/Closure/SA_360bf3a8/round1/Closure-118,
Closure,119,SA,algorithm,1,DONE,NOT_DETECTED,OK,0,0,0,496,114,22.984,346,29,8.382,0,46.288,30,45.571,13.966999999999999,14.512,12.786,0,0,fixed,2,"fixed version, classes.modified, generated external suite only",defects4j test wall time including incremental compile; API/setup/coverage separate,com.google.javascript.jscomp.GlobalNamespace,4a908d38c484f44554483a17cf4dfce3c41ce6865a2aff83908ead68880d7c74,c15b9cd1d110436d15181b205a19ed344c4c4dfaf129dbe4d6e7d069be0e9ceb,/home/acer/SQA/all-in-one-results/Closure/SA_360bf3a8/round1/Closure-119,
Closure,12,SA,algorithm,1,DONE,NOT_DETECTED,OK,0,0,0,93,14,15.054,52,3,5.769,0,43.804,30,87.07,17.527,20.499000000000002,17.069,0,0,fixed,2,"fixed version, classes.modified, generated external suite only",defects4j test wall time including incremental compile; API/setup/coverage separate,com.google.javascript.jscomp.MaybeReachingVariableUse,415a7fdb8e6321f36391461c47263f0c58dbd96237c4c5c8a5ddc3422b8eae71,c15b9cd1d110436d15181b205a19ed344c4c4dfaf129dbe4d6e7d069be0e9ceb,/home/acer/SQA/all-in-one-results/Closure/SA_360bf3a8/round1/Closure-12,
Closure,120,SA,algorithm,1,DONE,NOT_DETECTED,OK,0,0,0,212,113,53.302,151,26,17.219,0,45.229,30,42.235,14.886,15.772000000000002,12.141,0,0,fixed,2,"fixed version, classes.modified, generated external suite only",defects4j test wall time including incremental compile; API/setup/coverage separate,com.google.javascript.jscomp.ReferenceCollectingCallback,b9b4cb73009db532b143c819f0e28eb876cbb0434d4e868330cd98ff6b28e0a5,c15b9cd1d110436d15181b205a19ed344c4c4dfaf129dbe4d6e7d069be0e9ceb,/home/acer/SQA/all-in-one-results/Closure/SA_360bf3a8/round1/Closure-120,
Closure,121,SA,algorithm,1,DONE,NOT_DETECTED,OK,0,0,0,299,23,7.692,240,3,1.25,0,43.26,30,42.953,12.305,11.862,11.483,0,0,fixed,2,"fixed version, classes.modified, generated external suite only",defects4j test wall time including incremental compile; API/setup/coverage separate,com.google.javascript.jscomp.InlineVariables,acbb47c790ea6c4dc270d4fbfbae7dbeb35e2bf035d0a7aecb6e0cab4f643625,c15b9cd1d110436d15181b205a19ed344c4c4dfaf129dbe4d6e7d069be0e9ceb,/home/acer/SQA/all-in-one-results/Closure/SA_360bf3a8/round1/Closure-121,
Closure,122,SA,algorithm,1,DONE,NOT_DETECTED,OK,0,0,0,692,81,11.705,356,19,5.337,0,42.862,30,40.56,12.948,13.487,11.672,0,0,fixed,2,"fixed version, classes.modified, generated external suite only",defects4j test wall time including incremental compile; API/setup/coverage separate,com.google.javascript.jscomp.parsing.IRFactory,8b24fb97767907919ff6febc83bdcaad4d93f56f0450daa4e475fee2241a0632,c15b9cd1d110436d15181b205a19ed344c4c4dfaf129dbe4d6e7d069be0e9ceb,/home/acer/SQA/all-in-one-results/Closure/SA_360bf3a8/round1/Closure-122,
Closure,123,SA,algorithm,1,DONE,NOT_DETECTED,OK,0,0,0,650,112,17.231,485,54,11.134,0,47.741,30,40.18,14.45,13.975999999999999,12.267,0,0,fixed,2,"fixed version, classes.modified, generated external suite only",defects4j test wall time including incremental compile; API/setup/coverage separate,com.google.javascript.jscomp.CodeGenerator,bf38a9363a8b371d123854180e92ec3b500190029b1b3e52d20e30695281f124,c15b9cd1d110436d15181b205a19ed344c4c4dfaf129dbe4d6e7d069be0e9ceb,/home/acer/SQA/all-in-one-results/Closure/SA_360bf3a8/round1/Closure-123,
Closure,124,SA,algorithm,1,DONE,NOT_DETECTED,OK,0,0,0,81,7,8.642,68,3,4.412,0,41.199,30,42.646,11.733,13.259,11.344,0,0,fixed,2,"fixed version, classes.modified, generated external suite only",defects4j test wall time including incremental compile; API/setup/coverage separate,com.google.javascript.jscomp.ExploitAssigns,910db4ed8bd538e39dcc7f297e13f34aec8387402f6bda16dacac91794ef36ce,c15b9cd1d110436d15181b205a19ed344c4c4dfaf129dbe4d6e7d069be0e9ceb,/home/acer/SQA/all-in-one-results/Closure/SA_360bf3a8/round1/Closure-124,
Closure,125,SA,algorithm,1,DONE,NOT_DETECTED,OK,0,0,0,889,75,8.436,629,0,0.0,0,42.828,30,38.986,13.041,12.839,13.307,0,0,fixed,2,"fixed version, classes.modified, generated external suite only",defects4j test wall time including incremental compile; API/setup/coverage separate,com.google.javascript.jscomp.TypeCheck,829d1602b9606d43f44a23db71282dce3366cfd7886ef96c15ed638fdaa76c15,c15b9cd1d110436d15181b205a19ed344c4c4dfaf129dbe4d6e7d069be0e9ceb,/home/acer/SQA/all-in-one-results/Closure/SA_360bf3a8/round1/Closure-125,
Closure,126,SA,algorithm,1,DONE,NOT_DETECTED,OK,0,0,0,99,25,25.253,67,15,22.388,0,40.75,30,45.21,12.308,12.174,11.386,0,0,fixed,2,"fixed version, classes.modified, generated external suite only",defects4j test wall time including incremental compile; API/setup/coverage separate,com.google.javascript.jscomp.MinimizeExitPoints,2e74715e4039970c8632fd78d6a4936357fcd088c0275b695a0d46868e7bd250,c15b9cd1d110436d15181b205a19ed344c4c4dfaf129dbe4d6e7d069be0e9ceb,/home/acer/SQA/all-in-one-results/Closure/SA_360bf3a8/round1/Closure-126,
Closure,127,SA,algorithm,1,DONE,NOT_DETECTED,OK,0,0,0,87,10,11.494,73,0,0.0,0,42.033,30,42.685,12.143,10.868,11.185,0,0,fixed,2,"fixed version, classes.modified, generated external suite only",defects4j test wall time including incremental compile; API/setup/coverage separate,com.google.javascript.jscomp.UnreachableCodeElimination,8209988ce6421a3687143fe3f4bb9d81fd66fab6c639b4387b7d75a27bf02fdd,c15b9cd1d110436d15181b205a19ed344c4c4dfaf129dbe4d6e7d069be0e9ceb,/home/acer/SQA/all-in-one-results/Closure/SA_360bf3a8/round1/Closure-127,
Closure,128,SA,algorithm,1,DONE,NOT_DETECTED,OK,0,0,0,640,271,42.344,479,163,34.029,0,143.41,30,40.397,18.091,16.549999999999997,14.096,0,0,fixed,2,"fixed version, classes.modified, generated external suite only",defects4j test wall time including incremental compile; API/setup/coverage separate,com.google.javascript.jscomp.CodeGenerator,ab0ba62404cb11c8ce2fd12c7fcc6896905a2745665bc788aa60525c1ae05f4f,c15b9cd1d110436d15181b205a19ed344c4c4dfaf129dbe4d6e7d069be0e9ceb,/home/acer/SQA/all-in-one-results/Closure/SA_360bf3a8/round1/Closure-128,
Closure,129,SA,algorithm,1,DONE,NOT_DETECTED,OK,0,0,0,74,25,33.784,53,10,18.868,0,43.803,30,47.353,12.93,12.614,13.092,0,0,fixed,2,"fixed version, classes.modified, generated external suite only",defects4j test wall time including incremental compile; API/setup/coverage separate,com.google.javascript.jscomp.PrepareAst,d6fc37ce693972e5e196ba217c1bdfbc05710cd0792c97ebc175c7b70b301c6f,c15b9cd1d110436d15181b205a19ed344c4c4dfaf129dbe4d6e7d069be0e9ceb,/home/acer/SQA/all-in-one-results/Closure/SA_360bf3a8/round1/Closure-129,
Closure,13,SA,algorithm,1,DONE,NOT_DETECTED,OK,0,0,0,86,65,75.581,40,22,55.0,0,52.469,30,84.582,22.553,23.097,21.675,0,0,fixed,2,"fixed version, classes.modified, generated external suite only",defects4j test wall time including incremental compile; API/setup/coverage separate,com.google.javascript.jscomp.PeepholeOptimizationsPass,6e8f23461261e940ceeabcc1842c9b088460f126b88a8ae9acd62310f567aacc,c15b9cd1d110436d15181b205a19ed344c4c4dfaf129dbe4d6e7d069be0e9ceb,/home/acer/SQA/all-in-one-results/Closure/SA_360bf3a8/round1/Closure-13,
Closure,130,SA,algorithm,1,DONE,NOT_DETECTED,OK,0,0,0,371,26,7.008,266,8,3.008,0,44.461,30,51.297,15.415,14.279,11.559,0,0,fixed,2,"fixed version, classes.modified, generated external suite only",defects4j test wall time including incremental compile; API/setup/coverage separate,com.google.javascript.jscomp.CollapseProperties,717103a91907f54bd177a904452e8c44d74fd98476db7983f563e0625c74c869,c15b9cd1d110436d15181b205a19ed344c4c4dfaf129dbe4d6e7d069be0e9ceb,/home/acer/SQA/all-in-one-results/Closure/SA_360bf3a8/round1/Closure-130,
Closure,131,SA,algorithm,1,DONE,NOT_DETECTED,OK,0,0,0,114,91,79.825,169,103,60.947,0,42.109,30,42.747,12.646,12.445,11.666,0,0,fixed,2,"fixed version, classes.modified, generated external suite only",defects4j test wall time including incremental compile; API/setup/coverage separate,com.google.javascript.rhino.TokenStream,a7f223e69d321b17bc6c4df65860a1c55d1f34dd22922f3f74788f340461a704,c15b9cd1d110436d15181b205a19ed344c4c4dfaf129dbe4d6e7d069be0e9ceb,/home/acer/SQA/all-in-one-results/Closure/SA_360bf3a8/round1/Closure-131,
Closure,132,SA,algorithm,1,DONE,NOT_DETECTED,OK,0,0,0,759,45,5.929,536,23,4.291,0,48.744,30,42.897,13.556,12.999,12.334,0,0,fixed,2,"fixed version, classes.modified, generated external suite only",defects4j test wall time including incremental compile; API/setup/coverage separate,com.google.javascript.jscomp.PeepholeSubstituteAlternateSyntax,ee3b7834a982624b74f3aa8cf175c3b1f98b5974cb766df96d2d14bb1ccf306c,c15b9cd1d110436d15181b205a19ed344c4c4dfaf129dbe4d6e7d069be0e9ceb,/home/acer/SQA/all-in-one-results/Closure/SA_360bf3a8/round1/Closure-132,
Closure,133,SA,algorithm,1,DONE,NOT_DETECTED,OK,0,0,0,1090,248,22.752,655,108,16.489,0,61.492,30,42.039,17.91,18.072000000000003,11.906,0,0,fixed,2,"fixed version, classes.modified, generated external suite only",defects4j test wall time including incremental compile; API/setup/coverage separate,com.google.javascript.jscomp.parsing.JsDocInfoParser,32ff839ac4af747695b9e9f00ddfef1f797f830b27ad7a3914a5fd45c3b20955,c15b9cd1d110436d15181b205a19ed344c4c4dfaf129dbe4d6e7d069be0e9ceb,/home/acer/SQA/all-in-one-results/Closure/SA_360bf3a8/round1/Closure-133,
Closure,134,SA,algorithm,1,DONE,NOT_DETECTED,OK,0,0,0,852,131,15.376,573,16,2.792,0,81.621,30,21.039,9.315000000000001,9.087,9.02,0,0,fixed,2,"fixed version, classes.modified, generated external suite only",defects4j test wall time including incremental compile; API/setup/coverage separate,com.google.javascript.jscomp.AmbiguateProperties;com.google.javascript.jscomp.TypedScopeCreator,93244c2379d8c33af7ba38136b08836f15bcc2939b77afd25a602a40a477887b,c15b9cd1d110436d15181b205a19ed344c4c4dfaf129dbe4d6e7d069be0e9ceb,/home/acer/SQA/all-in-one-results/Closure/SA_360bf3a8/round1/Closure-134,
Closure,135,SA,algorithm,1,FAILED,INVALID_FIXED,NOT_RUN,112,,,,,,,,,0,129.402,30,21.769,,,,0,0,fixed,2,,,com.google.javascript.jscomp.DevirtualizePrototypeMethods;com.google.javascript.rhino.jstype.FunctionType,,c15b9cd1d110436d15181b205a19ed344c4c4dfaf129dbe4d6e7d069be0e9ceb,/home/acer/SQA/all-in-one-results/Closure/SA_360bf3a8/round1/Closure-135,EvoSuite suite still does not pass the fixed version after filtering.
Closure,136,SA,algorithm,1,DONE,NOT_DETECTED,OK,0,0,0,255,123,48.235,140,37,26.429,0,86.63,30,27.505,9.007000000000001,10.298,10.888,0,0,fixed,2,"fixed version, classes.modified, generated external suite only",defects4j test wall time including incremental compile; API/setup/coverage separate,com.google.javascript.jscomp.MethodCompilerPass;com.google.javascript.jscomp.RenameVars,876eb3dd5afa8429f0d5703d90670e7770ecc87b55aaa3529758baff6388d3bd,c15b9cd1d110436d15181b205a19ed344c4c4dfaf129dbe4d6e7d069be0e9ceb,/home/acer/SQA/all-in-one-results/Closure/SA_360bf3a8/round1/Closure-136,
Closure,137,SA,algorithm,1,FAILED,INVALID_FIXED,NOT_RUN,225,,,,,,,,,0,209.7,30,34.015,,,,0,0,fixed,2,,,com.google.javascript.jscomp.MakeDeclaredNamesUnique;com.google.javascript.jscomp.NodeUtil;com.google.javascript.jscomp.Normalize,,c15b9cd1d110436d15181b205a19ed344c4c4dfaf129dbe4d6e7d069be0e9ceb,/home/acer/SQA/all-in-one-results/Closure/SA_360bf3a8/round1/Closure-137,EvoSuite suite still does not pass the fixed version after filtering.
Closure,138,SA,algorithm,1,DONE,NOT_DETECTED,OK,0,0,0,610,58,9.508,381,8,2.1,0,90.213,30,32.879,8.499,7.775,8.199,0,0,fixed,2,"fixed version, classes.modified, generated external suite only",defects4j test wall time including incremental compile; API/setup/coverage separate,com.google.javascript.jscomp.ClosureReverseAbstractInterpreter;com.google.javascript.jscomp.TypeInference,b1ee532537ea7a767a7aef4caa87d129f723f19648e700130c54ea8f671c0e20,c15b9cd1d110436d15181b205a19ed344c4c4dfaf129dbe4d6e7d069be0e9ceb,/home/acer/SQA/all-in-one-results/Closure/SA_360bf3a8/round1/Closure-138,
Closure,139,SA,algorithm,1,DONE,NOT_DETECTED,OK,0,0,0,223,53,23.767,128,20,15.625,0,47.426,30,36.208,11.698,11.824000000000002,11.081,0,0,fixed,2,"fixed version, classes.modified, generated external suite only",defects4j test wall time including incremental compile; API/setup/coverage separate,com.google.javascript.jscomp.Normalize,a86436278a116d98354759c1ff81f017055d97dce63c1862ec0520dec7bd628d,c15b9cd1d110436d15181b205a19ed344c4c4dfaf129dbe4d6e7d069be0e9ceb,/home/acer/SQA/all-in-one-results/Closure/SA_360bf3a8/round1/Closure-139,
Closure,14,SA,algorithm,1,DONE,NOT_DETECTED,OK,0,0,0,407,110,27.027,276,60,21.739,0,64.038,30,82.687,24.698999999999998,27.167,19.912,0,0,fixed,2,"fixed version, classes.modified, generated external suite only",defects4j test wall time including incremental compile; API/setup/coverage separate,com.google.javascript.jscomp.ControlFlowAnalysis,bb03680547d2b8b878e9592229158a4f70440d3bf5f73064fe3bf4e88199c48e,c15b9cd1d110436d15181b205a19ed344c4c4dfaf129dbe4d6e7d069be0e9ceb,/home/acer/SQA/all-in-one-results/Closure/SA_360bf3a8/round1/Closure-14,
Closure,140,SA,algorithm,1,DONE,NOT_DETECTED,OK,0,0,0,658,154,23.404,244,36,14.754,0,73.434,30,22.998,9.358,11.396,14.401,0,0,fixed,2,"fixed version, classes.modified, generated external suite only",defects4j test wall time including incremental compile; API/setup/coverage separate,com.google.javascript.jscomp.Compiler,141117918852aeb1ce91baf156f60e551a9a71feb5c99c6988a0c6355312756b,c15b9cd1d110436d15181b205a19ed344c4c4dfaf129dbe4d6e7d069be0e9ceb,/home/acer/SQA/all-in-one-results/Closure/SA_360bf3a8/round1/Closure-140,
Closure,141,SA,algorithm,1,FAILED,INVALID_FIXED,NOT_RUN,185,,,,,,,,,0,149.749,30,28.849,,,,0,0,fixed,2,,,com.google.javascript.jscomp.NodeUtil;com.google.javascript.jscomp.PureFunctionIdentifier,,c15b9cd1d110436d15181b205a19ed344c4c4dfaf129dbe4d6e7d069be0e9ceb,/home/acer/SQA/all-in-one-results/Closure/SA_360bf3a8/round1/Closure-141,EvoSuite suite still does not pass the fixed version after filtering.
Closure,142,SA,algorithm,1,DONE,NOT_DETECTED,OK,0,0,0,1042,186,17.85,639,67,10.485,0,108.841,30,34.984,8.751000000000001,7.728,7.826,0,0,fixed,2,"fixed version, classes.modified, generated external suite only",defects4j test wall time including incremental compile; API/setup/coverage separate,com.google.javascript.jscomp.CoalesceVariableNames;com.google.javascript.jscomp.parsing.JsDocInfoParser,faf8113a7c1055c0653ed0ba53f5742ceda010dd8b25381222fee1a43d6bd1f1,c15b9cd1d110436d15181b205a19ed344c4c4dfaf129dbe4d6e7d069be0e9ceb,/home/acer/SQA/all-in-one-results/Closure/SA_360bf3a8/round1/Closure-142,
Closure,143,SA,algorithm,1,DONE,NOT_DETECTED,OK,0,0,0,506,32,6.324,214,4,1.869,0,85.845,30,27.637,7.888,10.957999999999998,9.166,0,0,fixed,2,"fixed version, classes.modified, generated external suite only",defects4j test wall time including incremental compile; API/setup/coverage separate,com.google.javascript.jscomp.AbstractCommandLineRunner;com.google.javascript.jscomp.RemoveConstantExpressions,4d62890ead842d1302c3f2d1f34b792ca3ae6e87b71de54fbf5f3b4f267ce669,c15b9cd1d110436d15181b205a19ed344c4c4dfaf129dbe4d6e7d069be0e9ceb,/home/acer/SQA/all-in-one-results/Closure/SA_360bf3a8/round1/Closure-143,
Closure,144,SA,algorithm,1,FAILED,INVALID_FIXED,NOT_RUN,120,,,,,,,,,0,238.114,30,21.813,,,,0,0,fixed,2,,,com.google.javascript.jscomp.FunctionTypeBuilder;com.google.javascript.jscomp.TypedScopeCreator;com.google.javascript.rhino.jstype.FunctionBuilder;com.google.javascript.rhino.jstype.FunctionType,,c15b9cd1d110436d15181b205a19ed344c4c4dfaf129dbe4d6e7d069be0e9ceb,/home/acer/SQA/all-in-one-results/Closure/SA_360bf3a8/round1/Closure-144,EvoSuite suite still does not pass the fixed version after filtering.
Closure,145,SA,algorithm,1,DONE,NOT_DETECTED,OK,0,0,0,520,89,17.115,382,50,13.089,0,49.768,30,29.215,7.5009999999999994,7.504,7.986,0,0,fixed,2,"fixed version, classes.modified, generated external suite only",defects4j test wall time including incremental compile; API/setup/coverage separate,com.google.javascript.jscomp.CodeGenerator,e8600285d654333cb58b6f34b6a51a32a8bab7ae2db3edd4d2f7a4508745e758,c15b9cd1d110436d15181b205a19ed344c4c4dfaf129dbe4d6e7d069be0e9ceb,/home/acer/SQA/all-in-one-results/Closure/SA_360bf3a8/round1/Closure-145,
Closure,146,SA,algorithm,1,DONE,NOT_DETECTED,OK,0,0,0,191,157,82.199,122,87,71.311,0,111.382,30,35.091,19.677,22.045,16.83,0,0,fixed,2,"fixed version, classes.modified, generated external suite only",defects4j test wall time including incremental compile; API/setup/coverage separate,com.google.javascript.rhino.jstype.JSType,d3b1b1c320b4dc6475e444a54cab11ae02298701f49625b6582629507913b774,c15b9cd1d110436d15181b205a19ed344c4c4dfaf129dbe4d6e7d069be0e9ceb,/home/acer/SQA/all-in-one-results/Closure/SA_360bf3a8/round1/Closure-146,
Closure,147,SA,algorithm,1,DONE,NOT_DETECTED,OK,0,0,0,216,48,22.222,146,18,12.329,0,88.447,30,29.124,10.34,11.539000000000001,12.004,0,0,fixed,2,"fixed version, classes.modified, generated external suite only",defects4j test wall time including incremental compile; API/setup/coverage separate,com.google.javascript.jscomp.CheckGlobalThis;com.google.javascript.jscomp.RuntimeTypeCheck,ecb0b5fbb87075b67278feeb7e5ac7e43462a38fa119e709d997518b16871cf9,c15b9cd1d110436d15181b205a19ed344c4c4dfaf129dbe4d6e7d069be0e9ceb,/home/acer/SQA/all-in-one-results/Closure/SA_360bf3a8/round1/Closure-147,
Closure,148,SA,algorithm,1,DONE,NOT_DETECTED,OK,0,0,0,749,61,8.144,539,18,3.34,0,96.804,30,29.364,10.511,12.96,11.688,0,0,fixed,2,"fixed version, classes.modified, generated external suite only",defects4j test wall time including incremental compile; API/setup/coverage separate,com.google.javascript.jscomp.PeepholeFoldConstants;com.google.javascript.jscomp.SourceMap,16afab641f9a6e2f447f678c51dd5df678f4b493aa80b1998d8d2e45ed7a4bc2,c15b9cd1d110436d15181b205a19ed344c4c4dfaf129dbe4d6e7d069be0e9ceb,/home/acer/SQA/all-in-one-results/Closure/SA_360bf3a8/round1/Closure-148,
Closure,149,SA,algorithm,1,FAILED,INVALID_BUGGY,OK,0,0,,1666,289,17.347,570,16,2.807,0,246.322,30,38.185,17.533,2.043,11.567,0,0,fixed,2,"fixed version, classes.modified, generated external suite only",defects4j test wall time including incremental compile; API/setup/coverage separate,com.google.javascript.jscomp.AbstractCommandLineRunner;com.google.javascript.jscomp.CommandLineRunner;com.google.javascript.jscomp.Compiler;com.google.javascript.jscomp.CompilerOptions,a83e4167d949a501369ad9cc25c3a3a53babd616b771470baed3cdb32a145e26,c15b9cd1d110436d15181b205a19ed344c4c4dfaf129dbe4d6e7d069be0e9ceb,/home/acer/SQA/all-in-one-results/Closure/SA_360bf3a8/round1/Closure-149,
Closure,15,SA,algorithm,1,DONE,NOT_DETECTED,OK,0,0,0,168,11,6.548,121,1,0.826,0,46.565,30,73.04,25.536,22.596,23.024,0,0,fixed,2,"fixed version, classes.modified, generated external suite only",defects4j test wall time including incremental compile; API/setup/coverage separate,com.google.javascript.jscomp.FlowSensitiveInlineVariables,a51d6babfb16a18bbaf67bdbe98422a05d5c374b06abe35d411bb5fe753bed0a,c15b9cd1d110436d15181b205a19ed344c4c4dfaf129dbe4d6e7d069be0e9ceb,/home/acer/SQA/all-in-one-results/Closure/SA_360bf3a8/round1/Closure-15,
Closure,150,SA,algorithm,1,DONE,NOT_DETECTED,OK,0,0,0,652,61,9.356,486,6,1.235,0,68.372,30,38.815,12.809000000000001,13.95,11.256,0,0,fixed,2,"fixed version, classes.modified, generated external suite only",defects4j test wall time including incremental compile; API/setup/coverage separate,com.google.javascript.jscomp.TypedScopeCreator,62d723e026047701a3cf28725c3cbcd452e9dbdc6193d4c65871fec4ef6d477e,c15b9cd1d110436d15181b205a19ed344c4c4dfaf129dbe4d6e7d069be0e9ceb,/home/acer/SQA/all-in-one-results/Closure/SA_360bf3a8/round1/Closure-150,
Closure,151,SA,algorithm,1,DONE,NOT_DETECTED,OK,0,0,0,191,90,47.12,36,6,16.667,0,45.904,30,39.737,11.815,11.609,13.58,0,0,fixed,2,"fixed version, classes.modified, generated external suite only",defects4j test wall time including incremental compile; API/setup/coverage separate,com.google.javascript.jscomp.CommandLineRunner,a8f185edbc0ad1e19346ed5768bc1fb51e6395e47cb1cb48c1c25bcce5a471cb,c15b9cd1d110436d15181b205a19ed344c4c4dfaf129dbe4d6e7d069be0e9ceb,/home/acer/SQA/all-in-one-results/Closure/SA_360bf3a8/round1/Closure-151,
Closure,152,SA,algorithm,1,FAILED,INVALID_FIXED,NOT_RUN,83,,,,,,,,,0,105.841,30,37.964,,,,0,0,fixed,2,,,com.google.javascript.rhino.jstype.FunctionType,,c15b9cd1d110436d15181b205a19ed344c4c4dfaf129dbe4d6e7d069be0e9ceb,/home/acer/SQA/all-in-one-results/Closure/SA_360bf3a8/round1/Closure-152,EvoSuite suite still does not pass the fixed version after filtering.
Closure,153,SA,algorithm,1,DONE,NOT_DETECTED,OK,0,0,0,384,152,39.583,230,73,31.739,0,104.661,30,43.246,16.075,18.716,17.809,0,0,fixed,2,"fixed version, classes.modified, generated external suite only",defects4j test wall time including incremental compile; API/setup/coverage separate,com.google.javascript.jscomp.Normalize;com.google.javascript.jscomp.SyntacticScopeCreator,61c0d458d3fb14402cfe1678a8f1d351e8bcd2c71eaecaa2f1a855aa615e7c34,c15b9cd1d110436d15181b205a19ed344c4c4dfaf129dbe4d6e7d069be0e9ceb,/home/acer/SQA/all-in-one-results/Closure/SA_360bf3a8/round1/Closure-153,
Closure,154,SA,algorithm,1,DONE,NOT_DETECTED,OK,0,0,0,974,96,9.856,663,1,0.151,0,107.551,30,72.068,19.375999999999998,21.969,24.443,0,0,fixed,2,"fixed version, classes.modified, generated external suite only",defects4j test wall time including incremental compile; API/setup/coverage separate,com.google.javascript.jscomp.TypeCheck;com.google.javascript.jscomp.TypeValidator,0f1aac8a1e479859b752b2996995a740d8dc6859fbf9d8b7df3d8974e3f32970,c15b9cd1d110436d15181b205a19ed344c4c4dfaf129dbe4d6e7d069be0e9ceb,/home/acer/SQA/all-in-one-results/Closure/SA_360bf3a8/round1/Closure-154,
Closure,155,SA,algorithm,1,FAILED,INVALID_BUGGY,OK,0,0,,601,214,35.607,451,57,12.639,0,160.356,30,68.843,20.119999999999997,4.002,14.032,0,0,fixed,2,"fixed version, classes.modified, generated external suite only",defects4j test wall time including incremental compile; API/setup/coverage separate,com.google.javascript.jscomp.InlineVariables;com.google.javascript.jscomp.ReferenceCollectingCallback;com.google.javascript.jscomp.Scope,b520eee4d22ac3aee2b5a27c0a8a1b51d75b545bacb6c6512dfd96c0f9de1e3b,c15b9cd1d110436d15181b205a19ed344c4c4dfaf129dbe4d6e7d069be0e9ceb,/home/acer/SQA/all-in-one-results/Closure/SA_360bf3a8/round1/Closure-155,
Closure,156,SA,algorithm,1,DONE,NOT_DETECTED,OK,0,0,0,340,26,7.647,244,8,3.279,0,47.022,30,53.18,12.539,13.654,14.753,0,0,fixed,2,"fixed version, classes.modified, generated external suite only",defects4j test wall time including incremental compile; API/setup/coverage separate,com.google.javascript.jscomp.CollapseProperties,8564abacb47149a9c3a7f59a4fc830c75f0098a1ba658c11a222d37d6063e086,c15b9cd1d110436d15181b205a19ed344c4c4dfaf129dbe4d6e7d069be0e9ceb,/home/acer/SQA/all-in-one-results/Closure/SA_360bf3a8/round1/Closure-156,
Closure,157,SA,algorithm,1,FAILED,INVALID_BUGGY,OK,0,0,,1355,192,14.17,882,71,8.05,0,301.81,30,75.201,19.634999999999998,2.8,14.545,0,0,fixed,2,"fixed version, classes.modified, generated external suite only",defects4j test wall time including incremental compile; API/setup/coverage separate,com.google.javascript.jscomp.CodeGenerator;com.google.javascript.jscomp.parsing.IRFactory;com.google.javascript.jscomp.RenamePrototypes,d0896103f3bc0bafbd6ea2509a5d175aa92b3e9b2db1341a7ab348df8596938f,c15b9cd1d110436d15181b205a19ed344c4c4dfaf129dbe4d6e7d069be0e9ceb,/home/acer/SQA/all-in-one-results/Closure/SA_360bf3a8/round1/Closure-157,
Closure,158,SA,algorithm,1,FAILED,INVALID_BUGGY,OK,0,0,,911,165,18.112,330,6,1.818,0,178.037,30,79.754,14.282,3.664,14.995,0,0,fixed,2,"fixed version, classes.modified, generated external suite only",defects4j test wall time including incremental compile; API/setup/coverage separate,com.google.javascript.jscomp.AbstractCommandLineRunner;com.google.javascript.jscomp.CommandLineRunner;com.google.javascript.jscomp.DiagnosticGroups,a7b9b9bd66a905b717ca103cfeefe14747dcd25b5891b841bcc02e8ddcbb6fd2,c15b9cd1d110436d15181b205a19ed344c4c4dfaf129dbe4d6e7d069be0e9ceb,/home/acer/SQA/all-in-one-results/Closure/SA_360bf3a8/round1/Closure-158,
Closure,159,SA,algorithm,1,DONE,NOT_DETECTED,OK,0,0,0,412,26,6.311,265,8,3.019,0,47.451,30,61.545,12.734,11.280999999999999,10.955,0,0,fixed,2,"fixed version, classes.modified, generated external suite only",defects4j test wall time including incremental compile; API/setup/coverage separate,com.google.javascript.jscomp.InlineFunctions,157291dcdd4cceb73f1a0c1ea8582f004897f494963cb3ec863d8dc4618c5ac4,c15b9cd1d110436d15181b205a19ed344c4c4dfaf129dbe4d6e7d069be0e9ceb,/home/acer/SQA/all-in-one-results/Closure/SA_360bf3a8/round1/Closure-159,
Closure,16,SA,algorithm,1,DONE,NOT_DETECTED,OK,0,0,0,207,50,24.155,124,16,12.903,0,55.676,30,84.758,21.314,20.558999999999997,15.541,0,0,fixed,2,"fixed version, classes.modified, generated external suite only",defects4j test wall time including incremental compile; API/setup/coverage separate,com.google.javascript.jscomp.ScopedAliases,2c0168bc56ac9240c5355f00ae0c5b65c8298c66a2690f5cd693daa699952e21,c15b9cd1d110436d15181b205a19ed344c4c4dfaf129dbe4d6e7d069be0e9ceb,/home/acer/SQA/all-in-one-results/Closure/SA_360bf3a8/round1/Closure-16,
Closure,160,SA,algorithm,1,DONE,NOT_DETECTED,OK,0,0,0,793,245,30.895,320,70,21.875,0,81.648,30,44.117,16.283,22.684,21.354,0,0,fixed,2,"fixed version, classes.modified, generated external suite only",defects4j test wall time including incremental compile; API/setup/coverage separate,com.google.javascript.jscomp.Compiler,28071f4a33cf698ed560faa9b4ae837f0064f17b164442227faa33e880eba680,c15b9cd1d110436d15181b205a19ed344c4c4dfaf129dbe4d6e7d069be0e9ceb,/home/acer/SQA/all-in-one-results/Closure/SA_360bf3a8/round1/Closure-160,
Closure,161,SA,algorithm,1,DONE,NOT_DETECTED,OK,0,0,0,638,33,5.172,500,11,2.2,0,53.282,30,83.303,16.09,19.372,20.508,0,0,fixed,2,"fixed version, classes.modified, generated external suite only",defects4j test wall time including incremental compile; API/setup/coverage separate,com.google.javascript.jscomp.PeepholeFoldConstants,6e43bc8b473ba7a40076a884006935fe7c55318d0851be151b765ac21cee529f,c15b9cd1d110436d15181b205a19ed344c4c4dfaf129dbe4d6e7d069be0e9ceb,/home/acer/SQA/all-in-one-results/Closure/SA_360bf3a8/round1/Closure-161,
Closure,162,SA,algorithm,1,DONE,NOT_DETECTED,OK,0,0,0,320,116,36.25,184,30,16.304,0,94.526,30,69.5,26.34,28.872,26.706,0,0,fixed,2,"fixed version, classes.modified, generated external suite only",defects4j test wall time including incremental compile; API/setup/coverage separate,com.google.javascript.jscomp.Scope;com.google.javascript.jscomp.ScopedAliases,06e8303419f80fde056651e1f55cbf923e52d7b2ef1958d1c5039cbaa773d29b,c15b9cd1d110436d15181b205a19ed344c4c4dfaf129dbe4d6e7d069be0e9ceb,/home/acer/SQA/all-in-one-results/Closure/SA_360bf3a8/round1/Closure-162,
Closure,163,SA,algorithm,1,FAILED,INVALID_FIXED,NOT_RUN,29,,,,,,,,,0,107.08,30,77.442,,,,0,0,fixed,2,,,com.google.javascript.jscomp.AnalyzePrototypeProperties;com.google.javascript.jscomp.CrossModuleMethodMotion,,c15b9cd1d110436d15181b205a19ed344c4c4dfaf129dbe4d6e7d069be0e9ceb,/home/acer/SQA/all-in-one-results/Closure/SA_360bf3a8/round1/Closure-163,EvoSuite suite still does not pass the fixed version after filtering.
Closure,164,SA,algorithm,1,FAILED,INVALID_FIXED,NOT_RUN,23,,,,,,,,,0,47.147,30,68.333,,,,0,0,fixed,2,,,com.google.javascript.rhino.jstype.ArrowType,,c15b9cd1d110436d15181b205a19ed344c4c4dfaf129dbe4d6e7d069be0e9ceb,/home/acer/SQA/all-in-one-results/Closure/SA_360bf3a8/round1/Closure-164,EvoSuite suite still does not pass the fixed version after filtering.
Closure,165,SA,algorithm,1,FAILED,INVALID_FIXED,NOT_RUN,122,,,,,,,,,0,367.891,30,68.855,,,,0,0,fixed,2,,,com.google.javascript.rhino.jstype.JSTypeRegistry;com.google.javascript.rhino.jstype.ObjectType;com.google.javascript.rhino.jstype.RecordType;com.google.javascript.rhino.jstype.RecordTypeBuilder,,c15b9cd1d110436d15181b205a19ed344c4c4dfaf129dbe4d6e7d069be0e9ceb,/home/acer/SQA/all-in-one-results/Closure/SA_360bf3a8/round1/Closure-165,EvoSuite suite still does not pass the fixed version after filtering.
Closure,166,SA,algorithm,1,DONE,NOT_DETECTED,OK,0,0,0,225,148,65.778,188,100,53.191,0,77.226,30,93.465,22.988999999999997,21.892,19.028,0,0,fixed,2,"fixed version, classes.modified, generated external suite only",defects4j test wall time including incremental compile; API/setup/coverage separate,com.google.javascript.rhino.jstype.PrototypeObjectType,3fe39bb8aa953926844c9dc8a91ffcd49474b68b9faf0d7a8a4ac7f1764d6cfa,c15b9cd1d110436d15181b205a19ed344c4c4dfaf129dbe4d6e7d069be0e9ceb,/home/acer/SQA/all-in-one-results/Closure/SA_360bf3a8/round1/Closure-166,
Closure,167,SA,algorithm,1,FAILED,INVALID_FIXED,NOT_RUN,118,,,,,,,,,0,198.703,30,76.235,,,,0,0,fixed,2,,,com.google.javascript.jscomp.type.SemanticReverseAbstractInterpreter;com.google.javascript.rhino.jstype.JSType,,c15b9cd1d110436d15181b205a19ed344c4c4dfaf129dbe4d6e7d069be0e9ceb,/home/acer/SQA/all-in-one-results/Closure/SA_360bf3a8/round1/Closure-167,EvoSuite suite still does not pass the fixed version after filtering.
Closure,168,SA,algorithm,1,DONE,NOT_DETECTED,OK,0,0,0,895,25,2.793,703,0,0.0,0,56.76,30,68.877,19.372999999999998,17.915,19.882,0,0,fixed,2,"fixed version, classes.modified, generated external suite only",defects4j test wall time including incremental compile; API/setup/coverage separate,com.google.javascript.jscomp.TypedScopeCreator,8946950381dc2c6c6f1dff9420c63a501a58bebbe7a139826c2f08f2040c8e06,c15b9cd1d110436d15181b205a19ed344c4c4dfaf129dbe4d6e7d069be0e9ceb,/home/acer/SQA/all-in-one-results/Closure/SA_360bf3a8/round1/Closure-168,
Closure,169,SA,algorithm,1,FAILED,INVALID_FIXED,NOT_RUN,309,,,,,,,,,0,485.755,30,111.859,,,,0,0,fixed,2,,,com.google.javascript.rhino.jstype.ArrowType;com.google.javascript.rhino.jstype.EquivalenceMethod;com.google.javascript.rhino.jstype.FunctionType;com.google.javascript.rhino.jstype.JSType;com.google.javascript.rhino.jstype.RecordType;com.google.javascript.rhino.jstype.UnionType,,c15b9cd1d110436d15181b205a19ed344c4c4dfaf129dbe4d6e7d069be0e9ceb,/home/acer/SQA/all-in-one-results/Closure/SA_360bf3a8/round1/Closure-169,EvoSuite suite still does not pass the fixed version after filtering.
Closure,17,SA,algorithm,1,DONE,NOT_DETECTED,OK,0,0,0,884,73,8.258,691,5,0.724,0,49.73,30,89.573,20.865000000000002,25.148,23.332,0,0,fixed,2,"fixed version, classes.modified, generated external suite only",defects4j test wall time including incremental compile; API/setup/coverage separate,com.google.javascript.jscomp.TypedScopeCreator,6afe6ff5e3ae585e3fe1445b3ce2736282171bb9dcc6c957ef0553c762c8e14b,c15b9cd1d110436d15181b205a19ed344c4c4dfaf129dbe4d6e7d069be0e9ceb,/home/acer/SQA/all-in-one-results/Closure/SA_360bf3a8/round1/Closure-17,
Closure,170,SA,algorithm,1,DONE,NOT_DETECTED,OK,0,0,0,184,11,5.978,138,1,0.725,0,46.878,30,89.023,19.012,17.904,18.199,0,0,fixed,2,"fixed version, classes.modified, generated external suite only",defects4j test wall time including incremental compile; API/setup/coverage separate,com.google.javascript.jscomp.FlowSensitiveInlineVariables,e13ca5783ff2dd006e69420581a60348d47d5bfb78706c02a2ba2a4925dfae3f,c15b9cd1d110436d15181b205a19ed344c4c4dfaf129dbe4d6e7d069be0e9ceb,/home/acer/SQA/all-in-one-results/Closure/SA_360bf3a8/round1/Closure-170,
Closure,171,SA,algorithm,1,DONE,NOT_DETECTED,OK,0,0,0,1650,29,1.758,1215,2,0.165,0,102.749,30,71.84,16.689,20.423000000000002,24.34,0,0,fixed,2,"fixed version, classes.modified, generated external suite only",defects4j test wall time including incremental compile; API/setup/coverage separate,com.google.javascript.jscomp.TypeInference;com.google.javascript.jscomp.TypedScopeCreator,98aa049b8179a79b0152281ade2949dd606ae3353848b804789f580aba143e5e,c15b9cd1d110436d15181b205a19ed344c4c4dfaf129dbe4d6e7d069be0e9ceb,/home/acer/SQA/all-in-one-results/Closure/SA_360bf3a8/round1/Closure-171,
Closure,172,SA,algorithm,1,DONE,NOT_DETECTED,OK,0,0,0,956,31,3.243,770,0,0.0,0,59.769,30,76.829,21.734,21.132,19.966,0,0,fixed,2,"fixed version, classes.modified, generated external suite only",defects4j test wall time including incremental compile; API/setup/coverage separate,com.google.javascript.jscomp.TypedScopeCreator,a2cec64fc00b11b894160c12a1ecdd296a8f93a1599c91088d3175d22d945f91,c15b9cd1d110436d15181b205a19ed344c4c4dfaf129dbe4d6e7d069be0e9ceb,/home/acer/SQA/all-in-one-results/Closure/SA_360bf3a8/round1/Closure-172,
Closure,173,SA,algorithm,1,DONE,NOT_DETECTED,OK,0,0,0,930,130,13.978,686,63,9.184,0,124.095,30,99.559,30.291999999999998,21.797,17.689,0,0,fixed,2,"fixed version, classes.modified, generated external suite only",defects4j test wall time including incremental compile; API/setup/coverage separate,com.google.javascript.jscomp.CodeGenerator;com.google.javascript.jscomp.PeepholeSubstituteAlternateSyntax,72fb6308148e3586cba34544187fdca0a6beeacbbe47c9fa987d52109b822507,c15b9cd1d110436d15181b205a19ed344c4c4dfaf129dbe4d6e7d069be0e9ceb,/home/acer/SQA/all-in-one-results/Closure/SA_360bf3a8/round1/Closure-173,
Closure,174,SA,algorithm,1,DONE,DETECTED,OK,0,0,1,1393,370,26.561,1252,152,12.141,0,252.374,30,96.45,26.029999999999998,25.765,21.67,0,0,fixed,2,"fixed version, classes.modified, generated external suite only",defects4j test wall time including incremental compile; API/setup/coverage separate,com.google.javascript.jscomp.JsAst;com.google.javascript.jscomp.NodeUtil;com.google.javascript.jscomp.ScopedAliases,4a14f609c9564dc434879e9418b076977b96f97a45e8f9070bec9fd65e30bc3a,c15b9cd1d110436d15181b205a19ed344c4c4dfaf129dbe4d6e7d069be0e9ceb,/home/acer/SQA/all-in-one-results/Closure/SA_360bf3a8/round1/Closure-174,
Closure,18,SA,algorithm,1,FAILED,INVALID_FIXED,NOT_RUN,82,,,,,,,,,0,100.589,30,12.409,,,,0,0,fixed,2,,,com.google.javascript.jscomp.Compiler,,c15b9cd1d110436d15181b205a19ed344c4c4dfaf129dbe4d6e7d069be0e9ceb,/home/acer/SQA/all-in-one-results/Closure/SA_360bf3a8/round1/Closure-18,EvoSuite suite still does not pass the fixed version after filtering.
Closure,19,SA,algorithm,1,DONE,NOT_DETECTED,OK,0,0,0,172,77,44.767,95,30,31.579,0,49.893,30,73.621,18.497,17.857999999999997,15.342,0,0,fixed,2,"fixed version, classes.modified, generated external suite only",defects4j test wall time including incremental compile; API/setup/coverage separate,com.google.javascript.jscomp.type.ChainableReverseAbstractInterpreter,5187516170a57f0250c457e22433375c4d40e20c569efbafe31a41e4457e09cd,c15b9cd1d110436d15181b205a19ed344c4c4dfaf129dbe4d6e7d069be0e9ceb,/home/acer/SQA/all-in-one-results/Closure/SA_360bf3a8/round1/Closure-19,
Closure,2,SA,algorithm,1,DONE,NOT_DETECTED,OK,0,0,0,822,87,10.584,576,0,0.0,0,63.24,30,73.898,26.566,24.299,17.144,0,0,fixed,2,"fixed version, classes.modified, generated external suite only",defects4j test wall time including incremental compile; API/setup/coverage separate,com.google.javascript.jscomp.TypeCheck,28d3c92e6cbfd6f56f7f4cf13c8b2a3d033201e09b8c5484ceb4b71014c73d37,c15b9cd1d110436d15181b205a19ed344c4c4dfaf129dbe4d6e7d069be0e9ceb,/home/acer/SQA/all-in-one-results/Closure/SA_360bf3a8/round1/Closure-2,
Closure,20,SA,algorithm,1,DONE,NOT_DETECTED,OK,0,0,0,755,32,4.238,530,18,3.396,0,49.977,30,84.546,21.331,20.674,18.12,0,0,fixed,2,"fixed version, classes.modified, generated external suite only",defects4j test wall time including incremental compile; API/setup/coverage separate,com.google.javascript.jscomp.PeepholeSubstituteAlternateSyntax,2bb19bc5823f88ae7b86db742b4d0837867f5182a17a2741ebb8d62df6fdea8f,c15b9cd1d110436d15181b205a19ed344c4c4dfaf129dbe4d6e7d069be0e9ceb,/home/acer/SQA/all-in-one-results/Closure/SA_360bf3a8/round1/Closure-20,
Closure,21,SA,algorithm,1,DONE,NOT_DETECTED,OK,0,0,0,70,34,48.571,38,16,42.105,0,53.472,30,76.556,18.226999999999997,17.358,15.979,0,0,fixed,2,"fixed version, classes.modified, generated external suite only",defects4j test wall time including incremental compile; API/setup/coverage separate,com.google.javascript.jscomp.CheckSideEffects,e5c752f0a7f52e98344939ca1250943d5be5b1951f03e8b84798b6088ba9a0fe,c15b9cd1d110436d15181b205a19ed344c4c4dfaf129dbe4d6e7d069be0e9ceb,/home/acer/SQA/all-in-one-results/Closure/SA_360bf3a8/round1/Closure-21,
Closure,22,SA,algorithm,1,DONE,DETECTED,OK,0,0,1,70,41,58.571,38,23,60.526,0,47.215,30,59.472,23.731,27.723000000000003,17.038,0,0,fixed,2,"fixed version, classes.modified, generated external suite only",defects4j test wall time including incremental compile; API/setup/coverage separate,com.google.javascript.jscomp.CheckSideEffects,75498bcf2984b4e33613d7fe0865298051641417f65f4c6fa816fc2f8bcdc9a3,c15b9cd1d110436d15181b205a19ed344c4c4dfaf129dbe4d6e7d069be0e9ceb,/home/acer/SQA/all-in-one-results/Closure/SA_360bf3a8/round1/Closure-22,
Closure,23,SA,algorithm,1,DONE,NOT_DETECTED,OK,0,0,0,698,37,5.301,545,12,2.202,0,55.122,30,71.361,21.708,16.249000000000002,12.741,0,0,fixed,2,"fixed version, classes.modified, generated external suite only",defects4j test wall time including incremental compile; API/setup/coverage separate,com.google.javascript.jscomp.PeepholeFoldConstants,82f078226ecc2aa3b74574757536e27904b426d7b02e2ebc765305c771e00e53,c15b9cd1d110436d15181b205a19ed344c4c4dfaf129dbe4d6e7d069be0e9ceb,/home/acer/SQA/all-in-one-results/Closure/SA_360bf3a8/round1/Closure-23,
Closure,24,SA,algorithm,1,DONE,NOT_DETECTED,OK,0,0,0,174,47,27.011,108,15,13.889,0,43.24,30,58.588,20.843,19.994999999999997,18.756,0,0,fixed,2,"fixed version, classes.modified, generated external suite only",defects4j test wall time including incremental compile; API/setup/coverage separate,com.google.javascript.jscomp.ScopedAliases,d6db967fa6e82bf2df7073b0d7cd49d7e25210179ff5f686176d59c8fb3464df,c15b9cd1d110436d15181b205a19ed344c4c4dfaf129dbe4d6e7d069be0e9ceb,/home/acer/SQA/all-in-one-results/Closure/SA_360bf3a8/round1/Closure-24,
Closure,25,SA,algorithm,1,DONE,NOT_DETECTED,OK,0,0,0,607,10,1.647,402,2,0.498,0,43.486,30,61.33,18.057000000000002,17.865000000000002,14.806,0,0,fixed,2,"fixed version, classes.modified, generated external suite only",defects4j test wall time including incremental compile; API/setup/coverage separate,com.google.javascript.jscomp.TypeInference,eb07d50c1ba3edb4094faea235943b3184f09426404a14bc439ad8839cd5efd6,c15b9cd1d110436d15181b205a19ed344c4c4dfaf129dbe4d6e7d069be0e9ceb,/home/acer/SQA/all-in-one-results/Closure/SA_360bf3a8/round1/Closure-25,
Closure,26,SA,algorithm,1,DONE,DETECTED,OK,0,0,1,111,68,61.261,42,22,52.381,0,45.732,30,62.339,17.511,19.953,16.444,0,0,fixed,2,"fixed version, classes.modified, generated external suite only",defects4j test wall time including incremental compile; API/setup/coverage separate,com.google.javascript.jscomp.ProcessCommonJSModules,cf0fd0743d5cdf63ae3d3f6f3459e788c2c8f2d6f45b487cc8854ac697206348,c15b9cd1d110436d15181b205a19ed344c4c4dfaf129dbe4d6e7d069be0e9ceb,/home/acer/SQA/all-in-one-results/Closure/SA_360bf3a8/round1/Closure-26,
Closure,27,SA,algorithm,1,DONE,NOT_DETECTED,OK,0,0,0,188,134,71.277,60,40,66.667,0,84.597,30,77.538,21.493000000000002,20.378,19.304,0,0,fixed,2,"fixed version, classes.modified, generated external suite only",defects4j test wall time including incremental compile; API/setup/coverage separate,com.google.javascript.rhino.IR,80396052e8cbefdac18e663705786bf591d05a87d248ffe999612147d8ed285a,c15b9cd1d110436d15181b205a19ed344c4c4dfaf129dbe4d6e7d069be0e9ceb,/home/acer/SQA/all-in-one-results/Closure/SA_360bf3a8/round1/Closure-27,
Closure,28,SA,algorithm,1,DONE,DETECTED,OK,0,0,2,28,24,85.714,2,2,100.0,0,39.386,30,72.898,16.506,15.606,13.431,0,0,fixed,2,"fixed version, classes.modified, generated external suite only",defects4j test wall time including incremental compile; API/setup/coverage separate,com.google.javascript.jscomp.InlineCostEstimator,84cab0abbd45bb56887d3a393af3c51e474e14ac171b6a7c7ea8c891d877b169,c15b9cd1d110436d15181b205a19ed344c4c4dfaf129dbe4d6e7d069be0e9ceb,/home/acer/SQA/all-in-one-results/Closure/SA_360bf3a8/round1/Closure-28,
Closure,29,SA,algorithm,1,DONE,NOT_DETECTED,OK,0,0,0,181,8,4.42,108,0,0.0,0,43.042,30,71.586,16.928,18.521,20.629,0,0,fixed,2,"fixed version, classes.modified, generated external suite only",defects4j test wall time including incremental compile; API/setup/coverage separate,com.google.javascript.jscomp.InlineObjectLiterals,90c7082e565b5ce31545d6fd57f9df83fae0f3a57631f78999e824651035ff64,c15b9cd1d110436d15181b205a19ed344c4c4dfaf129dbe4d6e7d069be0e9ceb,/home/acer/SQA/all-in-one-results/Closure/SA_360bf3a8/round1/Closure-29,
Closure,3,SA,algorithm,1,DONE,NOT_DETECTED,OK,0,0,0,180,12,6.667,132,1,0.758,0,50.553,30,79.949,18.167,20.509,16.308,0,0,fixed,2,"fixed version, classes.modified, generated external suite only",defects4j test wall time including incremental compile; API/setup/coverage separate,com.google.javascript.jscomp.FlowSensitiveInlineVariables,87a96e1b2a77b25d218ffb5c4df8d1fddc96161757a8334e918618fadb7dbe98,c15b9cd1d110436d15181b205a19ed344c4c4dfaf129dbe4d6e7d069be0e9ceb,/home/acer/SQA/all-in-one-results/Closure/SA_360bf3a8/round1/Closure-3,
Closure,30,SA,algorithm,1,DONE,DETECTED,OK,0,0,1,337,40,11.869,224,11,4.911,0,95.195,30,11.801,17.771,15.927,12.704,0,0,fixed,2,"fixed version, classes.modified, generated external suite only",defects4j test wall time including incremental compile; API/setup/coverage separate,com.google.javascript.jscomp.FlowSensitiveInlineVariables;com.google.javascript.jscomp.MustBeReachingVariableDef,5dda4e74ab1431809c550b7e86de0f7371efedbfef3e6e38b019327090c03350,c15b9cd1d110436d15181b205a19ed344c4c4dfaf129dbe4d6e7d069be0e9ceb,/home/acer/SQA/all-in-one-results/Closure/SA_360bf3a8/round1/Closure-30,
Closure,31,SA,algorithm,1,FAILED,INVALID_FIXED,NOT_RUN,111,,,,,,,,,0,111.952,30,79.576,,,,0,0,fixed,2,,,com.google.javascript.jscomp.Compiler,,c15b9cd1d110436d15181b205a19ed344c4c4dfaf129dbe4d6e7d069be0e9ceb,/home/acer/SQA/all-in-one-results/Closure/SA_360bf3a8/round1/Closure-31,EvoSuite suite still does not pass the fixed version after filtering.
Closure,32,SA,algorithm,1,DONE,NOT_DETECTED,OK,0,0,0,1052,205,19.487,621,81,13.043,0,86.512,30,71.663,25.489,19.634999999999998,17.989,0,0,fixed,2,"fixed version, classes.modified, generated external suite only",defects4j test wall time including incremental compile; API/setup/coverage separate,com.google.javascript.jscomp.parsing.JsDocInfoParser,4424535504d5cfc13b141cc1094be97a87516d0628ba4ca7df30ee1d5ba2753d,c15b9cd1d110436d15181b205a19ed344c4c4dfaf129dbe4d6e7d069be0e9ceb,/home/acer/SQA/all-in-one-results/Closure/SA_360bf3a8/round1/Closure-32,
Closure,33,SA,algorithm,1,DONE,NOT_DETECTED,OK,0,0,0,218,137,62.844,182,91,50.0,0,72.503,30,79.821,22.331,22.884,16.193,0,0,fixed,2,"fixed version, classes.modified, generated external suite only",defects4j test wall time including incremental compile; API/setup/coverage separate,com.google.javascript.rhino.jstype.PrototypeObjectType,253f4615d4ef6fd8eb610a4dfabdd783dc5a644b174b837dcdedfb2775333a6a,c15b9cd1d110436d15181b205a19ed344c4c4dfaf129dbe4d6e7d069be0e9ceb,/home/acer/SQA/all-in-one-results/Closure/SA_360bf3a8/round1/Closure-33,
Closure,34,SA,algorithm,1,DONE,NOT_DETECTED,OK,0,0,0,861,246,28.571,577,109,18.891,0,109.675,30,73.442,36.246,22.9,23.959,0,0,fixed,2,"fixed version, classes.modified, generated external suite only",defects4j test wall time including incremental compile; API/setup/coverage separate,com.google.javascript.jscomp.CodeGenerator;com.google.javascript.jscomp.CodePrinter,32b87cde61e9de7f095f9bcedd92372666cdcb4831b10b9074e3d668b9bee4f2,c15b9cd1d110436d15181b205a19ed344c4c4dfaf129dbe4d6e7d069be0e9ceb,/home/acer/SQA/all-in-one-results/Closure/SA_360bf3a8/round1/Closure-34,
Closure,35,SA,algorithm,1,DONE,NOT_DETECTED,OK,0,0,0,618,10,1.618,412,2,0.485,0,49.19,30,85.916,19.357999999999997,19.384999999999998,23.295,0,0,fixed,2,"fixed version, classes.modified, generated external suite only",defects4j test wall time including incremental compile; API/setup/coverage separate,com.google.javascript.jscomp.TypeInference,f3cb2f662a1f06123fa45221ea361ce494764ff55d02a0bc540a7ecbfebc7cfa,c15b9cd1d110436d15181b205a19ed344c4c4dfaf129dbe4d6e7d069be0e9ceb,/home/acer/SQA/all-in-one-results/Closure/SA_360bf3a8/round1/Closure-35,
Closure,36,SA,algorithm,1,DONE,NOT_DETECTED,OK,0,0,0,291,23,7.904,234,3,1.282,0,51.317,30,76.787,17.962,18.619,19.179,0,0,fixed,2,"fixed version, classes.modified, generated external suite only",defects4j test wall time including incremental compile; API/setup/coverage separate,com.google.javascript.jscomp.InlineVariables,43fcb81248fbc22db8ec616571449997dac69065c321c4285b8bc8e760090011,c15b9cd1d110436d15181b205a19ed344c4c4dfaf129dbe4d6e7d069be0e9ceb,/home/acer/SQA/all-in-one-results/Closure/SA_360bf3a8/round1/Closure-36,
Closure,37,SA,algorithm,1,DONE,NOT_DETECTED,OK,0,0,0,835,174,20.838,387,44,11.37,0,106.201,30,83.026,23.8,25.093,20.928,0,0,fixed,2,"fixed version, classes.modified, generated external suite only",defects4j test wall time including incremental compile; API/setup/coverage separate,com.google.javascript.jscomp.NodeTraversal;com.google.javascript.jscomp.parsing.IRFactory,d651aaccfd0adcd76f0f3b1f0546adf9d29447849085c3dda8493d3f9aa8c1f7,c15b9cd1d110436d15181b205a19ed344c4c4dfaf129dbe4d6e7d069be0e9ceb,/home/acer/SQA/all-in-one-results/Closure/SA_360bf3a8/round1/Closure-37,
Closure,38,SA,algorithm,1,DONE,NOT_DETECTED,OK,0,0,0,112,3,2.679,66,9,13.636,0,41.406,30,76.59,18.964,18.000999999999998,15.34,0,0,fixed,2,"fixed version, classes.modified, generated external suite only",defects4j test wall time including incremental compile; API/setup/coverage separate,com.google.javascript.jscomp.CodeConsumer,097551543668cfb5fc6ce95d26d27f6b415f7842570c5ae5f53d6bbfdbddf5da,c15b9cd1d110436d15181b205a19ed344c4c4dfaf129dbe4d6e7d069be0e9ceb,/home/acer/SQA/all-in-one-results/Closure/SA_360bf3a8/round1/Closure-38,
Closure,39,SA,algorithm,1,FAILED,INVALID_FIXED,NOT_RUN,60,,,,,,,,,0,78.457,30,72.855,,,,0,0,fixed,2,,,com.google.javascript.rhino.jstype.PrototypeObjectType,,c15b9cd1d110436d15181b205a19ed344c4c4dfaf129dbe4d6e7d069be0e9ceb,/home/acer/SQA/all-in-one-results/Closure/SA_360bf3a8/round1/Closure-39,EvoSuite suite still does not pass the fixed version after filtering.
Closure,4,SA,algorithm,1,DONE,NOT_DETECTED,OK,0,0,0,132,74,56.061,86,30,34.884,0,49.52,30,77.2,20.25,21.766,20.865,0,0,fixed,2,"fixed version, classes.modified, generated external suite only",defects4j test wall time including incremental compile; API/setup/coverage separate,com.google.javascript.rhino.jstype.NamedType,fee62da735aa2771df0ac34b0d9483558f7e8e1f24bb810fe1d286d6c31b1b00,c15b9cd1d110436d15181b205a19ed344c4c4dfaf129dbe4d6e7d069be0e9ceb,/home/acer/SQA/all-in-one-results/Closure/SA_360bf3a8/round1/Closure-4,
Closure,40,SA,algorithm,1,DONE,NOT_DETECTED,OK,0,0,0,711,148,20.816,434,62,14.286,0,58.179,30,108.744,22.116,24.314999999999998,18.754,0,0,fixed,2,"fixed version, classes.modified, generated external suite only",defects4j test wall time including incremental compile; API/setup/coverage separate,com.google.javascript.jscomp.NameAnalyzer,478f80f86a0c4925d7ead1d2004fcfb73d545aaca6b2557d589d8116084727a1,c15b9cd1d110436d15181b205a19ed344c4c4dfaf129dbe4d6e7d069be0e9ceb,/home/acer/SQA/all-in-one-results/Closure/SA_360bf3a8/round1/Closure-40,
Closure,41,SA,algorithm,1,FAILED,INVALID_FIXED,NOT_RUN,22,,,,,,,,,0,57.133,30,87.194,,,,0,0,fixed,2,,,com.google.javascript.jscomp.FunctionTypeBuilder,,c15b9cd1d110436d15181b205a19ed344c4c4dfaf129dbe4d6e7d069be0e9ceb,/home/acer/SQA/all-in-one-results/Closure/SA_360bf3a8/round1/Closure-41,EvoSuite suite still does not pass the fixed version after filtering.
Closure,42,SA,algorithm,1,DONE,NOT_DETECTED,OK,0,0,0,603,73,12.106,281,18,6.406,0,46.495,30,75.848,28.85,30.992,28.882,0,0,fixed,2,"fixed version, classes.modified, generated external suite only",defects4j test wall time including incremental compile; API/setup/coverage separate,com.google.javascript.jscomp.parsing.IRFactory,fa5bbf97ab37a2c4c241f0b36ab9ce089d6f7e1124a0d4ecd2b5d3b8fdb3273e,c15b9cd1d110436d15181b205a19ed344c4c4dfaf129dbe4d6e7d069be0e9ceb,/home/acer/SQA/all-in-one-results/Closure/SA_360bf3a8/round1/Closure-42,
Closure,43,SA,algorithm,1,DONE,NOT_DETECTED,OK,0,0,0,854,30,3.513,661,0,0.0,0,58.844,30,98.593,26.07,24.699,18.084,0,0,fixed,2,"fixed version, classes.modified, generated external suite only",defects4j test wall time including incremental compile; API/setup/coverage separate,com.google.javascript.jscomp.TypedScopeCreator,6f900e06fcdc58c9cfb93fabee484260f4101f6b5e117e308c5c069512744cca,c15b9cd1d110436d15181b205a19ed344c4c4dfaf129dbe4d6e7d069be0e9ceb,/home/acer/SQA/all-in-one-results/Closure/SA_360bf3a8/round1/Closure-43,
Closure,44,SA,algorithm,1,DONE,NOT_DETECTED,OK,0,0,0,111,3,2.703,64,9,14.062,0,41.276,30,78.522,22.134999999999998,20.029,15.971,0,0,fixed,2,"fixed version, classes.modified, generated external suite only",defects4j test wall time including incremental compile; API/setup/coverage separate,com.google.javascript.jscomp.CodeConsumer,7522f3453bd0ea858fd2f1d3dfbf43f29e703077a9812a7828998e19523faae7,c15b9cd1d110436d15181b205a19ed344c4c4dfaf129dbe4d6e7d069be0e9ceb,/home/acer/SQA/all-in-one-results/Closure/SA_360bf3a8/round1/Closure-44,
Closure,45,SA,algorithm,1,DONE,NOT_DETECTED,OK,0,0,0,387,17,4.393,283,0,0.0,0,53.441,30,85.819,24.342,22.594,19.498,0,0,fixed,2,"fixed version, classes.modified, generated external suite only",defects4j test wall time including incremental compile; API/setup/coverage separate,com.google.javascript.jscomp.RemoveUnusedVars,680bd80bd85fbba3f70c9d552a5dac7c70a1c67fd447a4b22a1b83bcfdc23a3f,c15b9cd1d110436d15181b205a19ed344c4c4dfaf129dbe4d6e7d069be0e9ceb,/home/acer/SQA/all-in-one-results/Closure/SA_360bf3a8/round1/Closure-45,
Closure,46,SA,algorithm,1,DONE,DETECTED,OK,0,0,1,98,59,60.204,72,31,43.056,0,46.938,30,117.253,27.247,30.756999999999998,28.38,0,0,fixed,2,"fixed version, classes.modified, generated external suite only",defects4j test wall time including incremental compile; API/setup/coverage separate,com.google.javascript.rhino.jstype.RecordType,cbcb282bc280e992758364ed0d0f075388d1a95f725d37aff473abe9820ab07a,c15b9cd1d110436d15181b205a19ed344c4c4dfaf129dbe4d6e7d069be0e9ceb,/home/acer/SQA/all-in-one-results/Closure/SA_360bf3a8/round1/Closure-46,
Closure,47,SA,algorithm,1,DONE,NOT_DETECTED,OK,0,0,0,361,32,8.864,166,3,1.807,0,75.144,30,88.478,13.292,14.698,12.9,0,0,fixed,2,"fixed version, classes.modified, generated external suite only",defects4j test wall time including incremental compile; API/setup/coverage separate,com.google.debugging.sourcemap.SourceMapConsumerV3;com.google.javascript.jscomp.SourceMap,c7620154bc697de54b7468e2fac365d9f1ef300c70806c62dbf9b918f2b83869,c15b9cd1d110436d15181b205a19ed344c4c4dfaf129dbe4d6e7d069be0e9ceb,/home/acer/SQA/all-in-one-results/Closure/SA_360bf3a8/round1/Closure-47,
Closure,48,SA,algorithm,1,DONE,NOT_DETECTED,OK,0,0,0,834,34,4.077,643,0,0.0,0,44.164,30,41.46,12.760000000000002,14.798,11.726,0,0,fixed,2,"fixed version, classes.modified, generated external suite only",defects4j test wall time including incremental compile; API/setup/coverage separate,com.google.javascript.jscomp.TypedScopeCreator,b94362a9b14ddc10b5b7d478497ae044aec2a165bc849dfff688a5f9c997cb7f,c15b9cd1d110436d15181b205a19ed344c4c4dfaf129dbe4d6e7d069be0e9ceb,/home/acer/SQA/all-in-one-results/Closure/SA_360bf3a8/round1/Closure-48,
Closure,49,SA,algorithm,1,DONE,DETECTED,OK,0,0,1,196,101,51.531,105,37,35.238,0,45.896,30,42.935,13.495000000000001,15.213999999999999,14.239,0,0,fixed,2,"fixed version, classes.modified, generated external suite only",defects4j test wall time including incremental compile; API/setup/coverage separate,com.google.javascript.jscomp.MakeDeclaredNamesUnique,996847c91efdf33393e068e40e7c27778d8acc8994414bd1d50a6704065a9f60,c15b9cd1d110436d15181b205a19ed344c4c4dfaf129dbe4d6e7d069be0e9ceb,/home/acer/SQA/all-in-one-results/Closure/SA_360bf3a8/round1/Closure-49,
Closure,5,SA,algorithm,1,DONE,NOT_DETECTED,OK,0,0,0,183,8,4.372,110,0,0.0,0,42.538,30,82.89,20.902,22.948,16.54,0,0,fixed,2,"fixed version, classes.modified, generated external suite only",defects4j test wall time including incremental compile; API/setup/coverage separate,com.google.javascript.jscomp.InlineObjectLiterals,466817e5b3effead983989aedf00408faf2edcfdadf76ab586d529080a14e535,c15b9cd1d110436d15181b205a19ed344c4c4dfaf129dbe4d6e7d069be0e9ceb,/home/acer/SQA/all-in-one-results/Closure/SA_360bf3a8/round1/Closure-5,
Closure,50,SA,algorithm,1,DONE,NOT_DETECTED,OK,0,0,0,312,13,4.167,253,5,1.976,0,42.572,30,46.478,15.622,16.173000000000002,13.726,0,0,fixed,2,"fixed version, classes.modified, generated external suite only",defects4j test wall time including incremental compile; API/setup/coverage separate,com.google.javascript.jscomp.PeepholeReplaceKnownMethods,5c65f00cf7223d5a6915fff828a5ba4694a185803c01f022e9ba4c7077b9b22d,c15b9cd1d110436d15181b205a19ed344c4c4dfaf129dbe4d6e7d069be0e9ceb,/home/acer/SQA/all-in-one-results/Closure/SA_360bf3a8/round1/Closure-50,
Closure,51,SA,algorithm,1,FAILED,INVALID_BUGGY,OK,0,0,,109,3,2.752,60,9,15.0,0,38.658,30,53.821,14.36,3.806,14.683,0,0,fixed,2,"fixed version, classes.modified, generated external suite only",defects4j test wall time including incremental compile; API/setup/coverage separate,com.google.javascript.jscomp.CodeConsumer,c739e028130d4fbf196eab198cef9c7e2bdbad656137ddeb07a2d2eaa6967299,c15b9cd1d110436d15181b205a19ed344c4c4dfaf129dbe4d6e7d069be0e9ceb,/home/acer/SQA/all-in-one-results/Closure/SA_360bf3a8/round1/Closure-51,
Closure,52,SA,algorithm,1,DONE,NOT_DETECTED,OK,0,0,0,595,118,19.832,453,61,13.466,0,46.213,30,50.576,13.9,12.197,11.691,0,0,fixed,2,"fixed version, classes.modified, generated external suite only",defects4j test wall time including incremental compile; API/setup/coverage separate,com.google.javascript.jscomp.CodeGenerator,d41f7393784c850c30ea995cf98fe15010c724ac2882612e5dd800ee436615c8,c15b9cd1d110436d15181b205a19ed344c4c4dfaf129dbe4d6e7d069be0e9ceb,/home/acer/SQA/all-in-one-results/Closure/SA_360bf3a8/round1/Closure-52,
Closure,53,SA,algorithm,1,DONE,NOT_DETECTED,OK,0,0,0,172,8,4.651,114,0,0.0,0,39.503,30,39.346,15.268,12.817,10.69,0,0,fixed,2,"fixed version, classes.modified, generated external suite only",defects4j test wall time including incremental compile; API/setup/coverage separate,com.google.javascript.jscomp.InlineObjectLiterals,e04e66fd1b9d37496d751c86d464d213c535676c4e11acf033ce0577916d9215,c15b9cd1d110436d15181b205a19ed344c4c4dfaf129dbe4d6e7d069be0e9ceb,/home/acer/SQA/all-in-one-results/Closure/SA_360bf3a8/round1/Closure-53,
Closure,54,SA,algorithm,1,FAILED,INVALID_FIXED,NOT_RUN,108,,,,,,,,,0,135.485,30,37.497,,,,0,0,fixed,2,,,com.google.javascript.jscomp.TypedScopeCreator;com.google.javascript.rhino.jstype.FunctionType,,c15b9cd1d110436d15181b205a19ed344c4c4dfaf129dbe4d6e7d069be0e9ceb,/home/acer/SQA/all-in-one-results/Closure/SA_360bf3a8/round1/Closure-54,EvoSuite suite still does not pass the fixed version after filtering.
Closure,55,SA,algorithm,1,DONE,NOT_DETECTED,OK,0,0,0,157,106,67.516,82,44,53.659,0,39.811,30,38.983,12.061,11.916,11.349,0,0,fixed,2,"fixed version, classes.modified, generated external suite only",defects4j test wall time including incremental compile; API/setup/coverage separate,com.google.javascript.jscomp.FunctionRewriter,1c54ba1dfa036e64544f92fa452517225edbf231aec840be334b28cd51d16e05,c15b9cd1d110436d15181b205a19ed344c4c4dfaf129dbe4d6e7d069be0e9ceb,/home/acer/SQA/all-in-one-results/Closure/SA_360bf3a8/round1/Closure-55,
Closure,56,SA,algorithm,1,DONE,DETECTED,OK,0,0,1,144,135,93.75,50,43,86.0,0,41.329,30,38.041,12.138,12.235,11.132,0,0,fixed,2,"fixed version, classes.modified, generated external suite only",defects4j test wall time including incremental compile; API/setup/coverage separate,com.google.javascript.jscomp.SourceFile,50603128b9bfdae4b18f2275f0ca4bbfdb7cf1bb6dc1eab9c356f2c4a694dd47,c15b9cd1d110436d15181b205a19ed344c4c4dfaf129dbe4d6e7d069be0e9ceb,/home/acer/SQA/all-in-one-results/Closure/SA_360bf3a8/round1/Closure-56,
Closure,57,SA,algorithm,1,DONE,NOT_DETECTED,OK,0,0,0,139,53,38.129,102,15,14.706,0,42.802,30,34.325,13.147,12.109,10.861,0,0,fixed,2,"fixed version, classes.modified, generated external suite only",defects4j test wall time including incremental compile; API/setup/coverage separate,com.google.javascript.jscomp.ClosureCodingConvention,a0a5105ae30a6e745aecab0eb63b705d5beeb377ab31b88d2e786bb07f24f08e,c15b9cd1d110436d15181b205a19ed344c4c4dfaf129dbe4d6e7d069be0e9ceb,/home/acer/SQA/all-in-one-results/Closure/SA_360bf3a8/round1/Closure-57,
Closure,58,SA,algorithm,1,DONE,NOT_DETECTED,OK,0,0,0,106,6,5.66,54,0,0.0,0,38.743,30,37.727,12.809,11.261,10.557,0,0,fixed,2,"fixed version, classes.modified, generated external suite only",defects4j test wall time including incremental compile; API/setup/coverage separate,com.google.javascript.jscomp.LiveVariablesAnalysis,feaf12aa30d38fd5a53b8d352f49a2d63100b6b7cf96f840c1c5b55bb34f2ecd,c15b9cd1d110436d15181b205a19ed344c4c4dfaf129dbe4d6e7d069be0e9ceb,/home/acer/SQA/all-in-one-results/Closure/SA_360bf3a8/round1/Closure-58,
Closure,59,SA,algorithm,1,DONE,NOT_DETECTED,OK,0,0,0,815,255,31.288,332,67,20.181,0,75.642,30,35.722,16.799,16.272,13.002,0,0,fixed,2,"fixed version, classes.modified, generated external suite only",defects4j test wall time including incremental compile; API/setup/coverage separate,com.google.javascript.jscomp.Compiler,97f25ed8652180d5185d302b262964e55fe16dda20156533aed85080042828f3,c15b9cd1d110436d15181b205a19ed344c4c4dfaf129dbe4d6e7d069be0e9ceb,/home/acer/SQA/all-in-one-results/Closure/SA_360bf3a8/round1/Closure-59,
Closure,6,SA,algorithm,1,DONE,NOT_DETECTED,OK,0,0,0,279,36,12.903,204,1,0.49,0,53.733,30,71.816,20.201999999999998,21.057000000000002,18.615,0,0,fixed,2,"fixed version, classes.modified, generated external suite only",defects4j test wall time including incremental compile; API/setup/coverage separate,com.google.javascript.jscomp.TypeValidator,bfbf459e83eb3e12f139182e9ebbbb4b98e035bc0b8a23dad6ee86c91190e8c3,c15b9cd1d110436d15181b205a19ed344c4c4dfaf129dbe4d6e7d069be0e9ceb,/home/acer/SQA/all-in-one-results/Closure/SA_360bf3a8/round1/Closure-6,
Closure,60,SA,algorithm,1,DONE,NOT_DETECTED,OK,0,0,0,938,370,39.446,928,211,22.737,0,112.349,30,40.607,16.97,16.981,13.764,0,0,fixed,2,"fixed version, classes.modified, generated external suite only",defects4j test wall time including incremental compile; API/setup/coverage separate,com.google.javascript.jscomp.NodeUtil,7d15b876237bf9f86e1fe2c93ffdc83a45611123e28e129d1ecf7ec53d0d4cc9,c15b9cd1d110436d15181b205a19ed344c4c4dfaf129dbe4d6e7d069be0e9ceb,/home/acer/SQA/all-in-one-results/Closure/SA_360bf3a8/round1/Closure-60,
Closure,61,SA,algorithm,1,FAILED,INVALID_FIXED,NOT_RUN,172,,,,,,,,,0,97.147,30,48.038,,,,0,0,fixed,2,,,com.google.javascript.jscomp.NodeUtil,,c15b9cd1d110436d15181b205a19ed344c4c4dfaf129dbe4d6e7d069be0e9ceb,/home/acer/SQA/all-in-one-results/Closure/SA_360bf3a8/round1/Closure-61,EvoSuite suite still does not pass the fixed version after filtering.
Closure,62,SA,algorithm,1,DONE,NOT_DETECTED,OK,0,0,0,74,57,77.027,32,19,59.375,0,40.661,30,45.518,15.076,13.568000000000001,11.139,0,0,fixed,2,"fixed version, classes.modified, generated external suite only",defects4j test wall time including incremental compile; API/setup/coverage separate,com.google.javascript.jscomp.LightweightMessageFormatter,c095b05dfae5c0a1e6b6b4c2f3f68ac3163a7ebda454771c06626ee431f512f7,c15b9cd1d110436d15181b205a19ed344c4c4dfaf129dbe4d6e7d069be0e9ceb,/home/acer/SQA/all-in-one-results/Closure/SA_360bf3a8/round1/Closure-62,
Closure,64,SA,algorithm,1,DONE,NOT_DETECTED,OK,0,0,0,793,251,31.652,324,73,22.531,0,77.39,30,32.839,13.061,11.553,10.847,0,0,fixed,2,"fixed version, classes.modified, generated external suite only",defects4j test wall time including incremental compile; API/setup/coverage separate,com.google.javascript.jscomp.Compiler,4b4bdbe9cf752dfc192d6f946c650ca150808aadf719d5862d230fe4dc3cd65d,c15b9cd1d110436d15181b205a19ed344c4c4dfaf129dbe4d6e7d069be0e9ceb,/home/acer/SQA/all-in-one-results/Closure/SA_360bf3a8/round1/Closure-64,
Closure,65,SA,algorithm,1,DONE,NOT_DETECTED,OK,0,0,0,595,116,19.496,451,60,13.304,0,46.402,30,37.432,8.658999999999999,8.651,8.751,0,0,fixed,2,"fixed version, classes.modified, generated external suite only",defects4j test wall time including incremental compile; API/setup/coverage separate,com.google.javascript.jscomp.CodeGenerator,98fe27a3b14020071aaac3f401d8425b035599c44b96cfc8405356f268aa46ae,c15b9cd1d110436d15181b205a19ed344c4c4dfaf129dbe4d6e7d069be0e9ceb,/home/acer/SQA/all-in-one-results/Closure/SA_360bf3a8/round1/Closure-65,
Closure,66,SA,algorithm,1,DONE,NOT_DETECTED,OK,0,0,0,784,91,11.607,509,4,0.786,0,46.189,30,33.338,9.301,10.074,8.912,0,0,fixed,2,"fixed version, classes.modified, generated external suite only",defects4j test wall time including incremental compile; API/setup/coverage separate,com.google.javascript.jscomp.TypeCheck,89ff1fe62f5988b6104f2dceedf8714e51191026ad1b137a8ee7129cb5873e0a,c15b9cd1d110436d15181b205a19ed344c4c4dfaf129dbe4d6e7d069be0e9ceb,/home/acer/SQA/all-in-one-results/Closure/SA_360bf3a8/round1/Closure-66,
Closure,67,SA,algorithm,1,FAILED,INVALID_FIXED,NOT_RUN,25,,,,,,,,,0,46.466,30,32.896,,,,0,0,fixed,2,,,com.google.javascript.jscomp.AnalyzePrototypeProperties,,c15b9cd1d110436d15181b205a19ed344c4c4dfaf129dbe4d6e7d069be0e9ceb,/home/acer/SQA/all-in-one-results/Closure/SA_360bf3a8/round1/Closure-67,EvoSuite suite still does not pass the fixed version after filtering.
Closure,68,SA,algorithm,1,DONE,NOT_DETECTED,OK,0,0,0,1014,219,21.598,589,87,14.771,0,56.492,30,44.7,10.604,10.43,10.087,0,0,fixed,2,"fixed version, classes.modified, generated external suite only",defects4j test wall time including incremental compile; API/setup/coverage separate,com.google.javascript.jscomp.parsing.JsDocInfoParser,b6d009029cbe87c38b76ae318f7264429b56fb6d53f3a7d04610fae2b9f4b23f,c15b9cd1d110436d15181b205a19ed344c4c4dfaf129dbe4d6e7d069be0e9ceb,/home/acer/SQA/all-in-one-results/Closure/SA_360bf3a8/round1/Closure-68,
Closure,69,SA,algorithm,1,DONE,NOT_DETECTED,OK,0,0,0,782,87,11.125,509,4,0.786,0,45.295,30,36.138,9.783,9.815,9.645,0,0,fixed,2,"fixed version, classes.modified, generated external suite only",defects4j test wall time including incremental compile; API/setup/coverage separate,com.google.javascript.jscomp.TypeCheck,e7444bc794a5648bb95df20ed885c15543eae42eb00f4e3f06a55e295285eed3,c15b9cd1d110436d15181b205a19ed344c4c4dfaf129dbe4d6e7d069be0e9ceb,/home/acer/SQA/all-in-one-results/Closure/SA_360bf3a8/round1/Closure-69,
Closure,7,SA,algorithm,1,DONE,NOT_DETECTED,OK,0,0,0,176,70,39.773,95,30,31.579,0,44.411,30,76.61,25.201,22.278,20.686,0,0,fixed,2,"fixed version, classes.modified, generated external suite only",defects4j test wall time including incremental compile; API/setup/coverage separate,com.google.javascript.jscomp.type.ChainableReverseAbstractInterpreter,83b82b0c01dc69e1c28283a90e772d84b780452845a5f62d3f60e20a8e1334a6,c15b9cd1d110436d15181b205a19ed344c4c4dfaf129dbe4d6e7d069be0e9ceb,/home/acer/SQA/all-in-one-results/Closure/SA_360bf3a8/round1/Closure-7,
Closure,70,SA,algorithm,1,FAILED,INVALID_FIXED,NOT_RUN,6,,,,,,,,,0,44.315,30,38.796,,,,0,0,fixed,2,,,com.google.javascript.jscomp.TypedScopeCreator,,c15b9cd1d110436d15181b205a19ed344c4c4dfaf129dbe4d6e7d069be0e9ceb,/home/acer/SQA/all-in-one-results/Closure/SA_360bf3a8/round1/Closure-70,EvoSuite suite still does not pass the fixed version after filtering.
Closure,71,SA,algorithm,1,DONE,NOT_DETECTED,OK,0,0,0,267,28,10.487,222,1,0.45,0,43.213,30,38.473,9.454,10.440000000000001,9.073,0,0,fixed,2,"fixed version, classes.modified, generated external suite only",defects4j test wall time including incremental compile; API/setup/coverage separate,com.google.javascript.jscomp.CheckAccessControls,63cc414bd7665b194beb8bd67b57582a659e9f5d6b0702712f78aa1a2af37959,c15b9cd1d110436d15181b205a19ed344c4c4dfaf129dbe4d6e7d069be0e9ceb,/home/acer/SQA/all-in-one-results/Closure/SA_360bf3a8/round1/Closure-71,
Closure,72,SA,algorithm,1,DONE,NOT_DETECTED,OK,0,0,0,218,75,34.404,103,10,9.709,0,88.589,30,35.809,10.052,9.725000000000001,9.376,0,0,fixed,2,"fixed version, classes.modified, generated external suite only",defects4j test wall time including incremental compile; API/setup/coverage separate,com.google.javascript.jscomp.FunctionToBlockMutator;com.google.javascript.jscomp.RenameLabels,c3f432e76356cba88e7bdd0322a79c4d557abf3288c8871d96b7d47a2e1c767a,c15b9cd1d110436d15181b205a19ed344c4c4dfaf129dbe4d6e7d069be0e9ceb,/home/acer/SQA/all-in-one-results/Closure/SA_360bf3a8/round1/Closure-72,
Closure,73,SA,algorithm,1,DONE,DETECTED,OK,0,0,1,586,115,19.625,449,61,13.586,0,49.204,30,36.157,10.271,10.651,10.013,0,0,fixed,2,"fixed version, classes.modified, generated external suite only",defects4j test wall time including incremental compile; API/setup/coverage separate,com.google.javascript.jscomp.CodeGenerator,c7f0c3dbfd692cc62b1ff580afcc8084245ba0b996eb1177e30134b9cc1eccfb,c15b9cd1d110436d15181b205a19ed344c4c4dfaf129dbe4d6e7d069be0e9ceb,/home/acer/SQA/all-in-one-results/Closure/SA_360bf3a8/round1/Closure-73,
Closure,74,SA,algorithm,1,DONE,NOT_DETECTED,OK,0,0,0,808,37,4.579,624,12,1.923,0,50.353,30,38.653,9.442,9.327,10.042,0,0,fixed,2,"fixed version, classes.modified, generated external suite only",defects4j test wall time including incremental compile; API/setup/coverage separate,com.google.javascript.jscomp.PeepholeFoldConstants,e2055f6636b4706ddb173c96fedc30b36d2a9de61bcd9cc5db7d9f9fd7796207,c15b9cd1d110436d15181b205a19ed344c4c4dfaf129dbe4d6e7d069be0e9ceb,/home/acer/SQA/all-in-one-results/Closure/SA_360bf3a8/round1/Closure-74,
Closure,75,SA,algorithm,1,DONE,NOT_DETECTED,OK,0,0,0,922,365,39.588,893,201,22.508,0,100.523,30,36.993,15.939,12.163,10.446,0,0,fixed,2,"fixed version, classes.modified, generated external suite only",defects4j test wall time including incremental compile; API/setup/coverage separate,com.google.javascript.jscomp.NodeUtil,d07d5d975495e792da05aef3a93602647522184d0b761c5fd03bef294bedbf9a,c15b9cd1d110436d15181b205a19ed344c4c4dfaf129dbe4d6e7d069be0e9ceb,/home/acer/SQA/all-in-one-results/Closure/SA_360bf3a8/round1/Closure-75,
Closure,76,SA,algorithm,1,DONE,NOT_DETECTED,OK,0,0,0,173,14,8.092,132,1,0.758,0,40.936,30,33.579,9.015,9.094000000000001,8.676,0,0,fixed,2,"fixed version, classes.modified, generated external suite only",defects4j test wall time including incremental compile; API/setup/coverage separate,com.google.javascript.jscomp.DeadAssignmentsElimination,4e20dab6617ca02cbcf6cc2fbdd3f5887f3bafa2bbfa30a3df7a096f2c69b52e,c15b9cd1d110436d15181b205a19ed344c4c4dfaf129dbe4d6e7d069be0e9ceb,/home/acer/SQA/all-in-one-results/Closure/SA_360bf3a8/round1/Closure-76,
Closure,77,SA,algorithm,1,DONE,NOT_DETECTED,OK,0,0,0,569,107,18.805,435,53,12.184,0,46.342,30,31.466,9.581,9.175,9.796,0,0,fixed,2,"fixed version, classes.modified, generated external suite only",defects4j test wall time including incremental compile; API/setup/coverage separate,com.google.javascript.jscomp.CodeGenerator,54c17122f8bbea36011743e86b537b601d72c82174a3ddf3d5ffb363c205429f,c15b9cd1d110436d15181b205a19ed344c4c4dfaf129dbe4d6e7d069be0e9ceb,/home/acer/SQA/all-in-one-results/Closure/SA_360bf3a8/round1/Closure-77,
Closure,78,SA,algorithm,1,DONE,NOT_DETECTED,OK,0,0,0,762,42,5.512,580,15,2.586,0,45.329,30,33.852,9.288,9.067,9.141,0,0,fixed,2,"fixed version, classes.modified, generated external suite only",defects4j test wall time including incremental compile; API/setup/coverage separate,com.google.javascript.jscomp.PeepholeFoldConstants,e1c3905c8a54874647e0f5a4b6f7155a8e5eaf8f58f3d8a33503161d3ac5bdba,c15b9cd1d110436d15181b205a19ed344c4c4dfaf129dbe4d6e7d069be0e9ceb,/home/acer/SQA/all-in-one-results/Closure/SA_360bf3a8/round1/Closure-78,
Closure,79,SA,algorithm,1,FAILED,INVALID_FIXED,NOT_RUN,30,,,,,,,,,0,83.989,30,30.916,,,,0,0,fixed,2,,,com.google.javascript.jscomp.Normalize;com.google.javascript.jscomp.VarCheck,,c15b9cd1d110436d15181b205a19ed344c4c4dfaf129dbe4d6e7d069be0e9ceb,/home/acer/SQA/all-in-one-results/Closure/SA_360bf3a8/round1/Closure-79,EvoSuite suite still does not pass the fixed version after filtering.
Closure,8,SA,algorithm,1,DONE,NOT_DETECTED,OK,0,0,0,86,17,19.767,54,7,12.963,0,56.765,30,72.058,21.999,17.496000000000002,16.443,0,0,fixed,2,"fixed version, classes.modified, generated external suite only",defects4j test wall time including incremental compile; API/setup/coverage separate,com.google.javascript.jscomp.CollapseVariableDeclarations,317d2fe9e0869fff70fcc3aca43ae5d60a617811d6ca45880ffd6ff824713d45,c15b9cd1d110436d15181b205a19ed344c4c4dfaf129dbe4d6e7d069be0e9ceb,/home/acer/SQA/all-in-one-results/Closure/SA_360bf3a8/round1/Closure-8,
Closure,80,SA,algorithm,1,FAILED,INVALID_FIXED,NOT_RUN,187,,,,,,,,,0,135.36,30,41.308,,,,0,0,fixed,2,,,com.google.javascript.jscomp.NodeUtil,,c15b9cd1d110436d15181b205a19ed344c4c4dfaf129dbe4d6e7d069be0e9ceb,/home/acer/SQA/all-in-one-results/Closure/SA_360bf3a8/round1/Closure-80,EvoSuite suite still does not pass the fixed version after filtering.
Closure,81,SA,algorithm,1,DONE,NOT_DETECTED,OK,0,0,0,592,61,10.304,321,16,4.984,0,40.932,30,33.57,8.969000000000001,8.746,9.349,0,0,fixed,2,"fixed version, classes.modified, generated external suite only",defects4j test wall time including incremental compile; API/setup/coverage separate,com.google.javascript.jscomp.parsing.IRFactory,d80868778506edc3c51930fcaf280a00d13ef5dd35b877db92f25a25c9426c28,c15b9cd1d110436d15181b205a19ed344c4c4dfaf129dbe4d6e7d069be0e9ceb,/home/acer/SQA/all-in-one-results/Closure/SA_360bf3a8/round1/Closure-81,
Closure,82,SA,algorithm,1,FAILED,INVALID_FIXED,NOT_RUN,149,,,,,,,,,0,85.766,30,32.331,,,,0,0,fixed,2,,,com.google.javascript.rhino.jstype.JSType,,c15b9cd1d110436d15181b205a19ed344c4c4dfaf129dbe4d6e7d069be0e9ceb,/home/acer/SQA/all-in-one-results/Closure/SA_360bf3a8/round1/Closure-82,EvoSuite suite still does not pass the fixed version after filtering.
Closure,83,SA,algorithm,1,DONE,NOT_DETECTED,OK,0,0,0,197,115,58.376,37,8,21.622,0,43.279,30,32.207,10.165,9.928,9.028,0,0,fixed,2,"fixed version, classes.modified, generated external suite only",defects4j test wall time including incremental compile; API/setup/coverage separate,com.google.javascript.jscomp.CommandLineRunner,39f2859dc823d429d24566dbffd8ecf4a714496748655d1a430ff506e1a8936d,c15b9cd1d110436d15181b205a19ed344c4c4dfaf129dbe4d6e7d069be0e9ceb,/home/acer/SQA/all-in-one-results/Closure/SA_360bf3a8/round1/Closure-83,
Closure,84,SA,algorithm,1,DONE,NOT_DETECTED,OK,0,0,0,568,68,11.972,305,16,5.246,0,127.255,30,24.513,8.544,8.479,9.345,0,0,fixed,2,"fixed version, classes.modified, generated external suite only",defects4j test wall time including incremental compile; API/setup/coverage separate,com.google.javascript.jscomp.parsing.IRFactory,eeceae5570c4bc3eae12f4b84de38d917ef5fdde3702553e485419b2fb05dcbb,c15b9cd1d110436d15181b205a19ed344c4c4dfaf129dbe4d6e7d069be0e9ceb,/home/acer/SQA/all-in-one-results/Closure/SA_360bf3a8/round1/Closure-84,
Closure,85,SA,algorithm,1,DONE,NOT_DETECTED,OK,0,0,0,74,25,33.784,55,6,10.909,0,41.051,30,26.545,10.147,9.638,8.814,0,0,fixed,2,"fixed version, classes.modified, generated external suite only",defects4j test wall time including incremental compile; API/setup/coverage separate,com.google.javascript.jscomp.UnreachableCodeElimination,ba68a8be7276edc931f43ebd211b2de4ea01fc00ae0c3151104c86fdc742d68a,c15b9cd1d110436d15181b205a19ed344c4c4dfaf129dbe4d6e7d069be0e9ceb,/home/acer/SQA/all-in-one-results/Closure/SA_360bf3a8/round1/Closure-85,
Closure,86,SA,algorithm,1,DONE,NOT_DETECTED,OK,0,0,0,756,335,44.312,722,185,25.623,0,107.757,30,24.315,11.267,11.076,9.966,0,0,fixed,2,"fixed version, classes.modified, generated external suite only",defects4j test wall time including incremental compile; API/setup/coverage separate,com.google.javascript.jscomp.NodeUtil,f2eda5f2713ce6d33f5cefd065094ca2188042b370940253a8646d7361f3e6d3,c15b9cd1d110436d15181b205a19ed344c4c4dfaf129dbe4d6e7d069be0e9ceb,/home/acer/SQA/all-in-one-results/Closure/SA_360bf3a8/round1/Closure-86,
Closure,87,SA,algorithm,1,DONE,NOT_DETECTED,OK,0,0,0,464,35,7.543,319,14,4.389,0,41.971,30,26.166,9.098,8.937999999999999,8.973,0,0,fixed,2,"fixed version, classes.modified, generated external suite only",defects4j test wall time including incremental compile; API/setup/coverage separate,com.google.javascript.jscomp.PeepholeSubstituteAlternateSyntax,a3e61b9695321ae6f07a910b69397d4c4131edea54d93c2e247c933f09cb7d26,c15b9cd1d110436d15181b205a19ed344c4c4dfaf129dbe4d6e7d069be0e9ceb,/home/acer/SQA/all-in-one-results/Closure/SA_360bf3a8/round1/Closure-87,
Closure,88,SA,algorithm,1,DONE,NOT_DETECTED,OK,0,0,0,137,70,51.095,104,32,30.769,0,43.805,30,24.282,11.981,9.766,9.871,0,0,fixed,2,"fixed version, classes.modified, generated external suite only",defects4j test wall time including incremental compile; API/setup/coverage separate,com.google.javascript.jscomp.DeadAssignmentsElimination,58fe938d614e9f80f212922ec02cbc75a3f171cac6a3dd347aa1b3ecac67b14d,c15b9cd1d110436d15181b205a19ed344c4c4dfaf129dbe4d6e7d069be0e9ceb,/home/acer/SQA/all-in-one-results/Closure/SA_360bf3a8/round1/Closure-88,
Closure,89,SA,algorithm,1,DONE,NOT_DETECTED,OK,0,0,0,716,176,24.581,523,74,14.149,0,98.898,30,38.964,9.765,9.233,9.254,0,0,fixed,2,"fixed version, classes.modified, generated external suite only",defects4j test wall time including incremental compile; API/setup/coverage separate,com.google.javascript.jscomp.CollapseProperties;com.google.javascript.jscomp.GlobalNamespace,7f90a63f485b43b16462d353cb6b31e1f04883f4881c76c7d0e98ceef28be3f3,c15b9cd1d110436d15181b205a19ed344c4c4dfaf129dbe4d6e7d069be0e9ceb,/home/acer/SQA/all-in-one-results/Closure/SA_360bf3a8/round1/Closure-89,
Closure,9,SA,algorithm,1,DONE,NOT_DETECTED,OK,0,0,0,110,47,42.727,42,13,30.952,0,52.509,30,70.597,20.858,31.07,27.802,0,0,fixed,2,"fixed version, classes.modified, generated external suite only",defects4j test wall time including incremental compile; API/setup/coverage separate,com.google.javascript.jscomp.ProcessCommonJSModules,53af5f08450ad5f54cea99232d31a8a07a89c048415d3c3704a3a9457b92b9d7,c15b9cd1d110436d15181b205a19ed344c4c4dfaf129dbe4d6e7d069be0e9ceb,/home/acer/SQA/all-in-one-results/Closure/SA_360bf3a8/round1/Closure-9,
Closure,90,SA,algorithm,1,FAILED,INVALID_FIXED,NOT_RUN,101,,,,,,,,,0,135.674,30,26.399,,,,0,0,fixed,2,,,com.google.javascript.jscomp.FunctionTypeBuilder;com.google.javascript.rhino.jstype.FunctionType,,c15b9cd1d110436d15181b205a19ed344c4c4dfaf129dbe4d6e7d069be0e9ceb,/home/acer/SQA/all-in-one-results/Closure/SA_360bf3a8/round1/Closure-90,EvoSuite suite still does not pass the fixed version after filtering.
Closure,91,SA,algorithm,1,DONE,NOT_DETECTED,OK,0,0,0,58,14,24.138,74,12,16.216,0,41.405,30,26.628,8.447,7.828,7.994,0,0,fixed,2,"fixed version, classes.modified, generated external suite only",defects4j test wall time including incremental compile; API/setup/coverage separate,com.google.javascript.jscomp.CheckGlobalThis,6acd057c6705dffe16eb64b8b48f259d244702a366ce78d9ff118f44b204ba6a,c15b9cd1d110436d15181b205a19ed344c4c4dfaf129dbe4d6e7d069be0e9ceb,/home/acer/SQA/all-in-one-results/Closure/SA_360bf3a8/round1/Closure-91,
Closure,92,SA,algorithm,1,DONE,NOT_DETECTED,OK,0,0,0,409,55,13.447,258,10,3.876,0,42.641,30,27.002,9.205,7.439,7.717,0,0,fixed,2,"fixed version, classes.modified, generated external suite only",defects4j test wall time including incremental compile; API/setup/coverage separate,com.google.javascript.jscomp.ProcessClosurePrimitives,6c969202a5d57c2b47e3daa9f4e310ddb456b28ad41a34dbd9d7e556c6aa92a3,c15b9cd1d110436d15181b205a19ed344c4c4dfaf129dbe4d6e7d069be0e9ceb,/home/acer/SQA/all-in-one-results/Closure/SA_360bf3a8/round1/Closure-92,
Closure,94,SA,algorithm,1,FAILED,INVALID_FIXED,NOT_RUN,173,,,,,,,,,0,111.18,30,23.792,,,,0,0,fixed,2,,,com.google.javascript.jscomp.NodeUtil,,c15b9cd1d110436d15181b205a19ed344c4c4dfaf129dbe4d6e7d069be0e9ceb,/home/acer/SQA/all-in-one-results/Closure/SA_360bf3a8/round1/Closure-94,EvoSuite suite still does not pass the fixed version after filtering.
Closure,95,SA,algorithm,1,DONE,NOT_DETECTED,OK,0,0,0,668,101,15.12,495,16,3.232,0,42.86,30,23.966,7.6850000000000005,6.877,7.533,0,0,fixed,2,"fixed version, classes.modified, generated external suite only",defects4j test wall time including incremental compile; API/setup/coverage separate,com.google.javascript.jscomp.TypedScopeCreator,3cc55a949881488f74fea4649178cd5babdca533c36337dbcc65f159bece3be2,c15b9cd1d110436d15181b205a19ed344c4c4dfaf129dbe4d6e7d069be0e9ceb,/home/acer/SQA/all-in-one-results/Closure/SA_360bf3a8/round1/Closure-95,
Closure,96,SA,algorithm,1,FAILED,INVALID_FIXED,NOT_RUN,9,,,,,,,,,0,44.51,30,21.55,,,,0,0,fixed,2,,,com.google.javascript.jscomp.TypeCheck,,c15b9cd1d110436d15181b205a19ed344c4c4dfaf129dbe4d6e7d069be0e9ceb,/home/acer/SQA/all-in-one-results/Closure/SA_360bf3a8/round1/Closure-96,EvoSuite suite still does not pass the fixed version after filtering.
Closure,97,SA,algorithm,1,DONE,NOT_DETECTED,OK,0,0,0,556,28,5.036,437,9,2.059,0,41.628,30,23.041,7.101,6.725,7.538,0,0,fixed,2,"fixed version, classes.modified, generated external suite only",defects4j test wall time including incremental compile; API/setup/coverage separate,com.google.javascript.jscomp.PeepholeFoldConstants,472652126a1e6a67b725c8709512ced1d9dc12a1f1f3fe4b1fe609eca015428f,c15b9cd1d110436d15181b205a19ed344c4c4dfaf129dbe4d6e7d069be0e9ceb,/home/acer/SQA/all-in-one-results/Closure/SA_360bf3a8/round1/Closure-97,
Closure,98,SA,algorithm,1,DONE,NOT_DETECTED,OK,0,0,0,181,92,50.829,143,29,20.28,0,43.575,30,20.432,8.572,8.312000000000001,8.12,0,0,fixed,2,"fixed version, classes.modified, generated external suite only",defects4j test wall time including incremental compile; API/setup/coverage separate,com.google.javascript.jscomp.ReferenceCollectingCallback,9ee40d71b06f248352c2457b1a93f53bc757213afbb5e80a528afcc7cae1a7ee,c15b9cd1d110436d15181b205a19ed344c4c4dfaf129dbe4d6e7d069be0e9ceb,/home/acer/SQA/all-in-one-results/Closure/SA_360bf3a8/round1/Closure-98,
Closure,99,SA,algorithm,1,DONE,NOT_DETECTED,OK,0,0,0,51,16,31.373,62,13,20.968,0,38.903,30,17.391,6.743,6.464,6.82,0,0,fixed,2,"fixed version, classes.modified, generated external suite only",defects4j test wall time including incremental compile; API/setup/coverage separate,com.google.javascript.jscomp.CheckGlobalThis,f08ac694f60ae78baeb8f5c15dbd65e466debc19adbdbdbd510c65946edbb662,c15b9cd1d110436d15181b205a19ed344c4c4dfaf129dbe4d6e7d069be0e9ceb,/home/acer/SQA/all-in-one-results/Closure/SA_360bf3a8/round1/Closure-99,
