bug,candidate_count,source
Closure-1,8,user-provided failing tests
Closure-2,1,user-provided failing tests
Closure-3,3,user-provided failing tests
Closure-4,3,user-provided failing tests
Closure-5,1,user-provided failing tests
Closure-6,3,user-provided failing tests
Closure-7,2,user-provided failing tests
Closure-8,1,user-provided failing tests
Closure-9,1,user-provided failing tests
Closure-10,1,user-provided failing tests
Closure-11,2,user-provided failing tests
Closure-12,1,user-provided failing tests
Closure-13,1,user-provided failing tests
Closure-14,3,user-provided failing tests
Closure-15,1,user-provided failing tests
Closure-16,2,user-provided failing tests
