bug_id,result
Time-1,DETECTED
Time-2,DETECTED
Time-3,NOT_DETECTED
Time-4,NOT_DETECTED
Time-5,NOT_DETECTED
Time-6,NOT_DETECTED
Time-7,NOT_DETECTED
Time-8,DETECTED
Time-9,NOT_DETECTED
Time-10,DETECTED
Time-11,NOT_DETECTED
Time-12,DETECTED
Time-13,DETECTED
Time-14,NOT_DETECTED
Time-15,DETECTED
Time-16,DETECTED
Time-17,DETECTED
Time-18,DETECTED
Time-19,NOT_DETECTED
Time-20,DETECTED
Time-22,NOT_DETECTED
Time-23,NOT_DETECTED
Time-24,NOT_DETECTED
Time-25,DETECTED
Time-26,NOT_DETECTED
Time-27,NOT_DETECTED
