test_id,test_target,line_pct,condition_pct,execution_ms,status
20-1,org.joda.time.format.TestDateTimeFormatterBuilder::test_toFormatter,5.5,4.2,4820,OK
20-2,org.joda.time.format.TestDateTimeFormatterBuilder::test_toPrinter,4.5,2.7,4753,OK
20-3,org.joda.time.format.TestDateTimeFormatterBuilder::test_toParser,4.5,2.7,4782,OK
20-4,org.joda.time.format.TestDateTimeFormatterBuilder::test_canBuildFormatter,4.6,3.4,4747,OK
20-5,org.joda.time.format.TestDateTimeFormatterBuilder::test_canBuildPrinter,4.2,2.4,4673,OK
20-6,org.joda.time.format.TestDateTimeFormatterBuilder::test_canBuildParser,4.2,2.4,4782,OK
20-7,org.joda.time.format.TestDateTimeFormatterBuilder::test_append_Formatter,9.2,5.9,4981,OK
20-8,org.joda.time.format.TestDateTimeFormatterBuilder::test_append_Printer,9.6,6.1,4788,OK
20-9,org.joda.time.format.TestDateTimeFormatterBuilder::test_appendFixedDecimal,30.0,25.6,4757,OK
20-10,org.joda.time.format.TestDateTimeFormatterBuilder::test_appendFixedSignedDecimal,28.2,23.9,4723,OK
20-11,org.joda.time.format.TestDateTimeFormatterBuilder::test_appendTimeZoneId,5.1,2.9,4847,OK
20-12,org.joda.time.format.TestDateTimeFormatterBuilder::test_printParseZoneTokyo,16.4,10.7,4877,OK
20-13,org.joda.time.format.TestDateTimeFormatterBuilder::test_printParseZoneParis,16.4,10.7,4749,OK
20-14,org.joda.time.format.TestDateTimeFormatterBuilder::test_printParseZoneDawsonCreek,16.4,10.7,4931,OK
20-15,org.joda.time.format.TestDateTimeFormatterBuilder::test_printParseOffset,21.1,15.6,4901,OK
20-16,org.joda.time.format.TestDateTimeFormatterBuilder::test_printParseOffsetAndZone,23.6,16.6,4886,OK
20-17,org.joda.time.format.TestDateTimeFormatterBuilder::test_parseWrongOffset,18.2,13.6,4699,OK
20-18,org.joda.time.format.TestDateTimeFormatterBuilder::test_parseWrongOffsetAndZone,20.5,14.4,4776,OK
20-19,org.joda.time.format.TestDateTimeFormatterBuilder::test_localPrintParseZoneTokyo,16.4,10.7,4722,OK
20-20,org.joda.time.format.TestDateTimeFormatterBuilder::test_localPrintParseOffset,21.1,15.6,4828,OK
20-21,org.joda.time.format.TestDateTimeFormatterBuilder::test_localPrintParseOffsetAndZone,23.6,16.6,4860,OK
20-22,org.joda.time.format.TestDateTimeFormatterBuilder::test_localParseWrongOffsetAndZone,20.5,14.4,4911,OK
20-23,org.joda.time.format.TestDateTimeFormatterBuilder::test_printParseShortName,0.0,0.0,3698,OK
20-24,org.joda.time.format.TestDateTimeFormatterBuilder::test_printParseShortNameWithLookup,0.0,0.0,3619,OK
20-25,org.joda.time.format.TestDateTimeFormatterBuilder::test_printParseLongName,0.0,0.0,3832,OK
20-26,org.joda.time.format.TestDateTimeFormatterBuilder::test_printParseLongNameWithLookup,0.0,0.0,3763,OK
