bug_id,test_target,fitness,seed,iterations,temperature,cooling_rate
1,org.mockito.internal.invocation.InvocationMatcherTest::should_not_be_similar_to_verified_invocation,77.000000,20260923,5000,10.0,0.995
2,org.mockito.internal.util.TimerTest::should_return_false_when_time_run_out,72.000000,20260923,5000,10.0,0.995
3,org.mockito.internal.invocation.InvocationMatcherTest::should_to_string_with_matchers,77.000000,20260923,5000,10.0,0.995
4,org.mockito.internal.creation.MockSettingsImplTest::shouldReportErrorWhenAddingANullInvocationListener,73.000000,20260923,5000,10.0,0.995
5,org.mockito.internal.verification.VerificationOverTimeImplTest::should_deal_with_junit_assertion_error,79.000000,20260923,5000,10.0,0.995
6,org.mockito.internal.handler.MockHandlerImplTest::should_remove_verification_mode_even_when_invalid_matchers,75.000000,20260923,5000,10.0,0.995
7,org.mockito.internal.util.reflection.GenericMetadataSupportTest::class_return_type_of____append____resolved_to_StringBuilder_and_type_arguments,79.000000,20260923,5000,10.0,0.995
8,org.mockito.internal.util.reflection.GenericMetadataSupportTest::class_return_type_of____append____resolved_to_StringBuilder_and_type_arguments,79.000000,20260923,5000,10.0,0.995
9,org.mockito.internal.stubbing.answers.ReturnsArgumentAtTest::should_raise_an_exception_if_index_is_not_in_allowed_range_at_creation_time,29.000000,20260923,5000,10.0,0.995
10,org.mockito.internal.stubbing.defaultanswers.ReturnsSmartNullsTest::should_print_the_parameters_on_SmartNullPointerException_message,29.000000,20260923,5000,10.0,0.995
11,org.mockito.internal.creation.DelegatingMethodTest::equals_should_return_false_when_not_equal_to_method,75.000000,20260923,5000,10.0,0.995
12,org.mockito.internal.util.reflection.GenericMasterTest::should_get_object_for_non_generic,77.000000,20260923,5000,10.0,0.995
13,org.mockito.internal.handler.MockHandlerImplTest::should_remove_verification_mode_even_when_invalid_matchers,78.000000,20260923,5000,10.0,0.995
14,org.mockito.internal.handler.MockHandlerImplTest::should_remove_verification_mode_even_when_invalid_matchers,84.000000,20260923,5000,10.0,0.995
15,org.mockito.internal.configuration.injection.SimpleArgumentResolverTest::should_return_null_when_types_are_primitives,31.000000,20260923,5000,10.0,0.995
16,org.mockito.internal.handler.MockHandlerImplTest::should_remove_verification_mode_even_when_invalid_matchers,81.000000,20260923,5000,10.0,0.995
17,org.mockito.internal.creation.MockSettingsImplTest::shouldReportErrorWhenAddingANullInvocationListener,85.000000,20260923,5000,10.0,0.995
18,org.mockito.internal.stubbing.defaultanswers.ReturnsSmartNullsTest::should_print_the_parameters_on_SmartNullPointerException_message,29.000000,20260923,5000,10.0,0.995
19,org.mockito.internal.configuration.injection.SimpleArgumentResolverTest::should_return_null_when_match_is_not_possible_on_given_types,79.000000,20260923,5000,10.0,0.995
20,org.mockito.internal.creation.MockSettingsImplTest::shouldReportErrorWhenAddingANullInvocationListener,26.000000,20260923,5000,10.0,0.995
21,org.mockito.internal.util.reflection.ParameterizedConstructorInstantiatorTest::should_fail_if_an_argument_instance_type_do_not_match_wanted_type,79.000000,20260923,5000,10.0,0.995
22,org.mockito.internal.matchers.EqualsTest::shouldMatchTypesSafelyWhenActualIsNull,28.000000,20260923,5000,10.0,0.995
23,org.mockito.internal.stubbing.defaultanswers.ReturnsSmartNullsTest::should_print_the_parameters_on_SmartNullPointerException_message,29.000000,20260923,5000,10.0,0.995
24,org.mockito.internal.stubbing.defaultanswers.ReturnsEmptyValuesTest::should_return_empty_iterable,78.000000,20260923,5000,10.0,0.995
25,org.mockito.internal.stubbing.defaultanswers.ReturnsSmartNullsTest::should_print_the_parameters_on_SmartNullPointerException_message,29.000000,20260923,5000,10.0,0.995
26,org.mockito.internal.configuration.injection.SimpleArgumentResolverTest::should_return_null_when_types_are_primitives,78.000000,20260923,5000,10.0,0.995
27,org.mockito.internal.util.MockUtilTest::should_konw_if_type_is_mockable,74.000000,20260923,5000,10.0,0.995
28,org.mockito.internal.configuration.injection.SimpleArgumentResolverTest::should_return_null_when_types_are_primitives,28.000000,20260923,5000,10.0,0.995
29,org.mockito.internal.verification.argumentmatching.ArgumentMatchingToolTest::shouldNotFindSuspiciousMatchersWhenTypesAreTheSame,78.000000,20260923,5000,10.0,0.995
30,org.mockito.internal.stubbing.defaultanswers.ReturnsSmartNullsTest::should_print_the_parameters_on_SmartNullPointerException_message,85.000000,20260923,5000,10.0,0.995
31,org.mockito.internal.stubbing.defaultanswers.ReturnsSmartNullsTest::should_print_the_parameters_on_SmartNullPointerException_message,82.000000,20260923,5000,10.0,0.995
32,org.mockito.internal.configuration.injection.SimpleArgumentResolverTest::should_return_null_when_match_is_not_possible_on_given_types,28.000000,20260923,5000,10.0,0.995
33,org.mockito.internal.invocation.InvocationMatcherTest::should_create_from_invocations,77.000000,20260923,5000,10.0,0.995
34,org.mockito.internal.invocation.InvocationMatcherTest::should_be_a_citizen_of_hashes,77.000000,20260923,5000,10.0,0.995
35,org.mockito.internal.matchers.EqualsTest::shouldMatchTypesSafelyWhenActualIsNull,75.000000,20260923,5000,10.0,0.995
36,org.mockito.internal.invocation.SerializableMethodTest::shouldBeAbleToRetrieveMethodExceptionTypes,79.000000,20260923,5000,10.0,0.995
37,org.mockito.internal.stubbing.answers.AnswersValidatorTest::should_allow_possible_argument_types,82.000000,20260923,5000,10.0,0.995
38,org.mockito.internal.verification.argumentmatching.ArgumentMatchingToolTest::shouldNotFindSuspiciousMatchersWhenTypesAreTheSame,84.000000,20260923,5000,10.0,0.995
