test_id,test_target,line_pct,condition_pct,execution_ms,status
1,org.apache.commons.jxpath.ri.JXPathCompiledExpressionTest::testConstant,0.00,0.00,2815,OK
2,org.apache.commons.jxpath.ri.JXPathCompiledExpressionTest::testCoreFunction,0.00,0.00,2512,OK
3,org.apache.commons.jxpath.ri.JXPathCompiledExpressionTest::testCoreOperationAnd,0.00,0.00,2611,OK
4,org.apache.commons.jxpath.ri.JXPathCompiledExpressionTest::testCoreOperationDivide,0.00,0.00,2512,OK
5,org.apache.commons.jxpath.ri.JXPathCompiledExpressionTest::testCoreOperationEqual,0.00,0.00,2612,OK
6,org.apache.commons.jxpath.ri.JXPathCompiledExpressionTest::testCoreOperationGreaterThan,0.00,0.00,2612,OK
7,org.apache.commons.jxpath.ri.JXPathCompiledExpressionTest::testCoreOperationGreaterThanOrEqual,0.00,0.00,2713,OK
8,org.apache.commons.jxpath.ri.JXPathCompiledExpressionTest::testCoreOperationLessThan,0.00,0.00,2614,OK
9,org.apache.commons.jxpath.ri.JXPathCompiledExpressionTest::testCoreOperationLessThanOrEqual,0.00,0.00,2612,OK
10,org.apache.commons.jxpath.ri.JXPathCompiledExpressionTest::testCoreOperationMinus,0.00,0.00,2612,OK
11,org.apache.commons.jxpath.ri.JXPathCompiledExpressionTest::testCoreOperationMod,0.00,0.00,2613,OK
12,org.apache.commons.jxpath.ri.JXPathCompiledExpressionTest::testCoreOperationMultiply,0.00,0.00,2611,OK
13,org.apache.commons.jxpath.ri.JXPathCompiledExpressionTest::testCoreOperationNameAttributeTest,0.00,0.00,2712,OK
14,org.apache.commons.jxpath.ri.JXPathCompiledExpressionTest::testCoreOperationNotEqual,0.00,0.00,2611,OK
15,org.apache.commons.jxpath.ri.JXPathCompiledExpressionTest::testCoreOperationOr,0.00,0.00,2612,OK
16,org.apache.commons.jxpath.ri.JXPathCompiledExpressionTest::testCoreOperationSum,0.00,0.00,2712,OK
17,org.apache.commons.jxpath.ri.JXPathCompiledExpressionTest::testCoreOperationUnaryMinus,0.00,0.00,2612,OK
18,org.apache.commons.jxpath.ri.JXPathCompiledExpressionTest::testCoreOperationUnion,0.00,0.00,2612,OK
19,org.apache.commons.jxpath.ri.JXPathCompiledExpressionTest::testExpressionPath,0.00,0.00,2712,OK
20,org.apache.commons.jxpath.ri.JXPathCompiledExpressionTest::testExtensionFunction,0.00,0.00,2713,OK
21,org.apache.commons.jxpath.ri.JXPathCompiledExpressionTest::testLocationPathAxisAttribute,0.00,0.00,2711,OK
22,org.apache.commons.jxpath.ri.JXPathCompiledExpressionTest::testLocationPathAxisChild,0.00,0.00,2711,OK
23,org.apache.commons.jxpath.ri.JXPathCompiledExpressionTest::testLocationPathAxisDescendant,0.00,0.00,2712,OK
24,org.apache.commons.jxpath.ri.JXPathCompiledExpressionTest::testLocationPathAxisDescendantOrSelf,0.00,0.00,2813,OK
25,org.apache.commons.jxpath.ri.JXPathCompiledExpressionTest::testLocationPathAxisOther,0.00,0.00,2712,OK
26,org.apache.commons.jxpath.ri.JXPathCompiledExpressionTest::testLocationPathAxisParent,0.00,0.00,2612,OK
27,org.apache.commons.jxpath.ri.JXPathCompiledExpressionTest::testLocationPathAxisSelf,0.00,0.00,2611,OK
28,org.apache.commons.jxpath.ri.JXPathCompiledExpressionTest::testLocationPathNodeTest,0.00,0.00,2611,OK
29,org.apache.commons.jxpath.ri.JXPathCompiledExpressionTest::testVariableReference,0.00,0.00,2712,OK
30,org.apache.commons.jxpath.ri.StressTest::testThreads,0.00,0.00,3613,OK
31,org.apache.commons.jxpath.ri.axes.RecursiveAxesTest::testInfiniteDescent,0.00,0.00,2712,OK
32,org.apache.commons.jxpath.ri.axes.SimplePathInterpreterTest::testDoPredicateIndex,0.00,0.00,2712,OK
33,org.apache.commons.jxpath.ri.axes.SimplePathInterpreterTest::testDoPredicateName,4.01,4.38,3814,OK
34,org.apache.commons.jxpath.ri.axes.SimplePathInterpreterTest::testDoPredicatesStandard,12.29,12.77,3815,OK
35,org.apache.commons.jxpath.ri.axes.SimplePathInterpreterTest::testDoStepNoPredicatesPropertyOwner,3.10,2.55,3713,OK
36,org.apache.commons.jxpath.ri.axes.SimplePathInterpreterTest::testDoStepNoPredicatesStandard,11.38,12.04,3715,OK
37,org.apache.commons.jxpath.ri.axes.SimplePathInterpreterTest::testDoStepPredicatesPropertyOwner,0.00,0.00,2611,OK
38,org.apache.commons.jxpath.ri.axes.SimplePathInterpreterTest::testDoStepPredicatesStandard,11.38,12.04,3914,OK
39,org.apache.commons.jxpath.ri.axes.SimplePathInterpreterTest::testInterpretExpressionPath,0.00,0.00,2712,OK
40,org.apache.commons.jxpath.ri.compiler.ContextDependencyTest::testContextDependency,0.00,0.00,2712,OK
41,org.apache.commons.jxpath.ri.compiler.CoreFunctionTest::testCoreFunctions,0.00,0.00,2813,OK
42,org.apache.commons.jxpath.ri.compiler.CoreFunctionTest::testFormatNumberFunction,0.00,0.00,2813,OK
43,org.apache.commons.jxpath.ri.compiler.CoreFunctionTest::testIDFunction,13.97,14.60,3813,OK
44,org.apache.commons.jxpath.ri.compiler.CoreFunctionTest::testKeyFunction,0.00,0.00,2712,OK
45,org.apache.commons.jxpath.ri.compiler.CoreOperationTest::testInfoSetTypes,0.00,0.00,2712,OK
46,org.apache.commons.jxpath.ri.compiler.ExtensionFunctionTest::testAllocation,0.00,0.00,2811,OK
47,org.apache.commons.jxpath.ri.compiler.ExtensionFunctionTest::testCollectionMethodCall,0.00,0.00,2811,OK
48,org.apache.commons.jxpath.ri.compiler.ExtensionFunctionTest::testCollectionReturn,0.00,0.00,2712,OK
49,org.apache.commons.jxpath.ri.compiler.ExtensionFunctionTest::testConstructorLookup,0.00,0.00,2712,OK
50,org.apache.commons.jxpath.ri.compiler.ExtensionFunctionTest::testConstructorLookupWithExpressionContext,0.00,0.00,2812,OK
51,org.apache.commons.jxpath.ri.compiler.ExtensionFunctionTest::testExpressionContext,0.00,0.00,2913,OK
52,org.apache.commons.jxpath.ri.compiler.ExtensionFunctionTest::testMethodCall,0.00,0.00,2912,OK
53,org.apache.commons.jxpath.ri.compiler.ExtensionFunctionTest::testMethodLookup,0.00,0.00,2812,OK
54,org.apache.commons.jxpath.ri.compiler.ExtensionFunctionTest::testMethodLookupWithExpressionContext,0.00,0.00,2711,OK
55,org.apache.commons.jxpath.ri.compiler.ExtensionFunctionTest::testMethodLookupWithExpressionContextAndArgument,0.00,0.00,2812,OK
56,org.apache.commons.jxpath.ri.compiler.ExtensionFunctionTest::testNodeSetReturn,0.00,0.00,2812,OK
57,org.apache.commons.jxpath.ri.compiler.ExtensionFunctionTest::testStaticMethodCall,0.00,0.00,2711,OK
58,org.apache.commons.jxpath.ri.compiler.ExtensionFunctionTest::testStaticMethodLookup,0.00,0.00,2712,OK
59,org.apache.commons.jxpath.ri.compiler.ExtensionFunctionTest::testStaticMethodLookupWithConversion,0.00,0.00,2713,OK
60,org.apache.commons.jxpath.ri.compiler.ExtensionFunctionTest::testStaticMethodLookupWithExpressionContext,0.00,0.00,2611,OK
61,org.apache.commons.jxpath.ri.compiler.VariableTest::testCreateAndSetValuePathDeclareVariableSetCollectionElement,0.00,0.00,2711,OK
62,org.apache.commons.jxpath.ri.compiler.VariableTest::testCreatePathAndSetValueDeclVarSetCollectionElementProperty,0.00,0.00,2712,OK
63,org.apache.commons.jxpath.ri.compiler.VariableTest::testCreatePathAndSetValueDeclareVariable,0.00,0.00,2812,OK
64,org.apache.commons.jxpath.ri.compiler.VariableTest::testCreatePathAndSetValueDeclareVariableSetProperty,0.00,0.00,2912,OK
65,org.apache.commons.jxpath.ri.compiler.VariableTest::testCreatePathAndSetValueExpandCollection,0.00,0.00,2812,OK
66,org.apache.commons.jxpath.ri.compiler.VariableTest::testCreatePathDeclareVariable,0.00,0.00,2913,OK
67,org.apache.commons.jxpath.ri.compiler.VariableTest::testCreatePathDeclareVariableSetCollectionElement,0.00,0.00,2812,OK
68,org.apache.commons.jxpath.ri.compiler.VariableTest::testCreatePathDeclareVariableSetCollectionElementProperty,0.00,0.00,2812,OK
69,org.apache.commons.jxpath.ri.compiler.VariableTest::testCreatePathDeclareVariableSetProperty,0.00,0.00,2811,OK
70,org.apache.commons.jxpath.ri.compiler.VariableTest::testCreatePathExpandCollection,0.00,0.00,2812,OK
71,org.apache.commons.jxpath.ri.compiler.VariableTest::testInvalidVariableName,0.00,0.00,2712,OK
72,org.apache.commons.jxpath.ri.compiler.VariableTest::testNestedContext,0.00,0.00,2812,OK
73,org.apache.commons.jxpath.ri.compiler.VariableTest::testRemovePathArrayElement,0.00,0.00,2813,OK
74,org.apache.commons.jxpath.ri.compiler.VariableTest::testRemovePathCollectionElement,0.00,0.00,2812,OK
75,org.apache.commons.jxpath.ri.compiler.VariableTest::testRemovePathUndeclareVariable,0.00,0.00,2813,OK
76,org.apache.commons.jxpath.ri.compiler.VariableTest::testSetValue,0.00,0.00,2812,OK
77,org.apache.commons.jxpath.ri.compiler.VariableTest::testVariables,0.00,0.00,3015,OK
78,org.apache.commons.jxpath.ri.compiler.VariableTest::testVariablesInExpressions,0.00,0.00,3721,OK
126,org.apache.commons.jxpath.ri.model.MixedModelTest::testBeanBean,0.00,0.00,2712,OK
127,org.apache.commons.jxpath.ri.model.MixedModelTest::testBeanContainer,11.38,12.04,3814,OK
128,org.apache.commons.jxpath.ri.model.MixedModelTest::testBeanDocument,11.38,12.04,3813,OK
129,org.apache.commons.jxpath.ri.model.MixedModelTest::testBeanElement,11.38,12.04,3813,OK
130,org.apache.commons.jxpath.ri.model.MixedModelTest::testBeanList,0.00,0.00,2812,OK
131,org.apache.commons.jxpath.ri.model.MixedModelTest::testBeanMap,0.00,0.00,2813,OK
132,org.apache.commons.jxpath.ri.model.MixedModelTest::testBeanPrimitive,0.00,0.00,2811,OK
133,org.apache.commons.jxpath.ri.model.MixedModelTest::testCollectionPointer,0.00,0.00,2912,OK
134,org.apache.commons.jxpath.ri.model.MixedModelTest::testCreatePath,0.00,0.00,2912,OK
135,org.apache.commons.jxpath.ri.model.MixedModelTest::testCreatePathAndSetValueWithMatrix,0.00,0.00,2912,OK
136,org.apache.commons.jxpath.ri.model.MixedModelTest::testErrorProperty,0.00,0.00,3213,OK
137,org.apache.commons.jxpath.ri.model.MixedModelTest::testIterateArray,0.00,0.00,3012,OK
138,org.apache.commons.jxpath.ri.model.MixedModelTest::testIteratePointersArray,0.00,0.00,3113,OK
139,org.apache.commons.jxpath.ri.model.MixedModelTest::testIteratePointersArrayElementWithVariable,0.00,0.00,3013,OK
140,org.apache.commons.jxpath.ri.model.MixedModelTest::testIterateVector,0.00,0.00,3111,OK
141,org.apache.commons.jxpath.ri.model.MixedModelTest::testListBean,0.00,0.00,3717,OK
142,org.apache.commons.jxpath.ri.model.MixedModelTest::testListContainer,11.38,12.04,5222,OK
143,org.apache.commons.jxpath.ri.model.MixedModelTest::testListDocument,11.38,12.04,5822,OK
144,org.apache.commons.jxpath.ri.model.MixedModelTest::testListElement,11.38,12.04,5722,OK
145,org.apache.commons.jxpath.ri.model.MixedModelTest::testListList,0.00,0.00,4423,OK
146,org.apache.commons.jxpath.ri.model.MixedModelTest::testListMap,0.00,0.00,4724,OK
147,org.apache.commons.jxpath.ri.model.MixedModelTest::testListPrimitive,0.00,0.00,4725,OK
148,org.apache.commons.jxpath.ri.model.MixedModelTest::testMapBean,0.00,0.00,4824,OK
149,org.apache.commons.jxpath.ri.model.MixedModelTest::testMapContainer,11.38,12.04,5719,OK
150,org.apache.commons.jxpath.ri.model.MixedModelTest::testMapDocument,11.38,12.04,5818,OK
151,org.apache.commons.jxpath.ri.model.MixedModelTest::testMapElement,11.38,12.04,5920,OK
152,org.apache.commons.jxpath.ri.model.MixedModelTest::testMapList,0.00,0.00,4322,OK
153,org.apache.commons.jxpath.ri.model.MixedModelTest::testMapMap,0.00,0.00,4721,OK
154,org.apache.commons.jxpath.ri.model.MixedModelTest::testMapPrimitive,0.00,0.00,4317,OK
155,org.apache.commons.jxpath.ri.model.MixedModelTest::testMatrix,0.00,0.00,2912,OK
156,org.apache.commons.jxpath.ri.model.MixedModelTest::testNull,0.00,0.00,2912,OK
157,org.apache.commons.jxpath.ri.model.MixedModelTest::testRootAsCollection,0.00,0.00,2913,OK
158,org.apache.commons.jxpath.ri.model.MixedModelTest::testVar,0.00,0.00,2913,OK
159,org.apache.commons.jxpath.ri.model.MixedModelTest::testVarBean,0.00,0.00,2912,OK
160,org.apache.commons.jxpath.ri.model.MixedModelTest::testVarContainer,11.38,12.04,3915,OK
161,org.apache.commons.jxpath.ri.model.MixedModelTest::testVarDocument,11.38,12.04,3914,OK
162,org.apache.commons.jxpath.ri.model.MixedModelTest::testVarElement,11.38,12.04,3914,OK
163,org.apache.commons.jxpath.ri.model.MixedModelTest::testVarList,0.00,0.00,2912,OK
164,org.apache.commons.jxpath.ri.model.MixedModelTest::testVarMap,0.00,0.00,2912,OK
165,org.apache.commons.jxpath.ri.model.MixedModelTest::testVarPrimitive,0.00,0.00,2912,OK
196,org.apache.commons.jxpath.ri.model.beans.BeanModelTest::testIndexedProperty,0.00,0.00,2912,OK
197,org.apache.commons.jxpath.ri.model.container.ContainerModelTest::testContainerMapWithCollection,0.00,0.00,3012,OK
198,org.apache.commons.jxpath.ri.model.container.ContainerModelTest::testContainerPropertyWithCollection,0.00,0.00,2912,OK
199,org.apache.commons.jxpath.ri.model.container.ContainerModelTest::testContainerRootWithCollection,0.00,0.00,2913,OK
200,org.apache.commons.jxpath.ri.model.container.ContainerModelTest::testContainerVariableWithCollection,0.00,0.00,2912,OK
201,org.apache.commons.jxpath.ri.model.dynamic.DynamicPropertiesModelTest::testAttributeName,0.00,0.00,2913,OK
202,org.apache.commons.jxpath.ri.model.dynamic.DynamicPropertiesModelTest::testAxisChild,0.00,0.00,2912,OK
203,org.apache.commons.jxpath.ri.model.dynamic.DynamicPropertiesModelTest::testAxisDescendant,0.00,0.00,2913,OK
204,org.apache.commons.jxpath.ri.model.dynamic.DynamicPropertiesModelTest::testCollectionOfMaps,0.00,0.00,2912,OK
205,org.apache.commons.jxpath.ri.model.dynamic.DynamicPropertiesModelTest::testCreatePath,0.00,0.00,2912,OK
206,org.apache.commons.jxpath.ri.model.dynamic.DynamicPropertiesModelTest::testCreatePathAndSetValue,0.00,0.00,2912,OK
207,org.apache.commons.jxpath.ri.model.dynamic.DynamicPropertiesModelTest::testCreatePathAndSetValueCollectionElement,0.00,0.00,2912,OK
208,org.apache.commons.jxpath.ri.model.dynamic.DynamicPropertiesModelTest::testCreatePathAndSetValueCreateBean,0.00,0.00,2912,OK
209,org.apache.commons.jxpath.ri.model.dynamic.DynamicPropertiesModelTest::testCreatePathAndSetValueNewCollectionElement,0.00,0.00,2912,OK
210,org.apache.commons.jxpath.ri.model.dynamic.DynamicPropertiesModelTest::testCreatePathCollectionElement,0.00,0.00,3212,OK
211,org.apache.commons.jxpath.ri.model.dynamic.DynamicPropertiesModelTest::testCreatePathCreateBean,0.00,0.00,3114,OK
212,org.apache.commons.jxpath.ri.model.dynamic.DynamicPropertiesModelTest::testCreatePathNewCollectionElement,0.00,0.00,2913,OK
213,org.apache.commons.jxpath.ri.model.dynamic.DynamicPropertiesModelTest::testMapOfMaps,0.00,0.00,2911,OK
214,org.apache.commons.jxpath.ri.model.dynamic.DynamicPropertiesModelTest::testRemovePath,0.00,0.00,2912,OK
215,org.apache.commons.jxpath.ri.model.dynamic.DynamicPropertiesModelTest::testRemovePathArrayElement,0.00,0.00,2912,OK
216,org.apache.commons.jxpath.ri.model.dynamic.DynamicPropertiesModelTest::testSetCollection,0.00,0.00,2912,OK
217,org.apache.commons.jxpath.ri.model.dynamic.DynamicPropertiesModelTest::testSetNewKey,0.00,0.00,3013,OK
218,org.apache.commons.jxpath.ri.model.dynamic.DynamicPropertiesModelTest::testSetPrimitiveValue,0.00,0.00,2912,OK
219,org.apache.commons.jxpath.ri.model.jdom.JDOMModelTest::testID,4.40,5.11,3915,OK
220,org.apache.commons.jxpath.util.BasicTypeConverterTest::testArrayToArray,0.00,0.00,2913,OK
221,org.apache.commons.jxpath.util.BasicTypeConverterTest::testArrayToList,0.00,0.00,2913,OK
222,org.apache.commons.jxpath.util.BasicTypeConverterTest::testBeanUtilsConverter,0.00,0.00,2912,OK
223,org.apache.commons.jxpath.util.BasicTypeConverterTest::testInvalidConversion,0.00,0.00,2912,OK
224,org.apache.commons.jxpath.util.BasicTypeConverterTest::testListToArray,0.00,0.00,2912,OK
225,org.apache.commons.jxpath.util.BasicTypeConverterTest::testNodeSetToInteger,0.00,0.00,2912,OK
226,org.apache.commons.jxpath.util.BasicTypeConverterTest::testNodeSetToString,0.00,0.00,2912,OK
227,org.apache.commons.jxpath.util.BasicTypeConverterTest::testPointerToString,0.00,0.00,3012,OK
228,org.apache.commons.jxpath.util.BasicTypeConverterTest::testPrimitiveToString,0.00,0.00,2811,OK
229,org.apache.commons.jxpath.util.BasicTypeConverterTest::testSingletonArrayToString,0.00,0.00,2913,OK
230,org.apache.commons.jxpath.util.BasicTypeConverterTest::testSingletonCollectionToString,0.00,0.00,2811,OK
