bug_id,version,test_target,lines_total,lines_covered,line_coverage_percent,conditions_total,conditions_covered,condition_coverage_percent,exit_code
Time-1,buggy,org.joda.time.TestPartial_Constructors::testConstructor_TypeArray_intArray_Chrono,301,42,14.0,118,17,14.4,0
Time-1,fixed,org.joda.time.TestPartial_Constructors::testConstructor_TypeArray_intArray_Chrono,,,,,,,1
Time-2,buggy,org.joda.time.TestPartial_Basics::testWithChronologyRetainFields_nullChrono,297,70,23.6,118,27,22.9,0
Time-2,fixed,org.joda.time.TestPartial_Basics::testWithChronologyRetainFields_nullChrono,301,70,23.3,118,25,21.2,0
Time-3,buggy,org.joda.time.TestMutableDateTime_Adds::testAddMonths_int_dstOverlapWinter_addZero,238,11,4.6,43,1,2.3,0
Time-3,fixed,org.joda.time.TestMutableDateTime_Adds::testAddMonths_int_dstOverlapWinter_addZero,248,12,4.8,63,3,4.8,0
Time-4,buggy,org.joda.time.TestPartial_Basics::testWithChronologyRetainFields_nullChrono,253,57,22.5,106,23,21.7,0
Time-4,fixed,org.joda.time.TestPartial_Basics::testWithChronologyRetainFields_nullChrono,253,57,22.5,106,23,21.7,0
Time-5,buggy,org.joda.time.TestPeriod_Basics::testToString_nullPeriodFormatter,283,5,1.8,62,0,0.0,0
Time-5,fixed,org.joda.time.TestPeriod_Basics::testToString_nullPeriodFormatter,288,5,1.7,64,0,0.0,0
Time-6,buggy,org.joda.time.chrono.TestGJDate::test_plusYears_positiveToZero_crossCutover,361,132,36.6,168,21,12.5,0
Time-6,fixed,org.joda.time.chrono.TestGJDate::test_plusYears_positiveToZero_crossCutover,380,144,37.9,182,26,14.3,0
Time-7,buggy,org.joda.time.format.TestDateTimeFormatter::testParseInto_monthDay_feb29_tokyo_startOfYear,208,47,22.6,88,10,11.4,0
Time-7,fixed,org.joda.time.format.TestDateTimeFormatter::testParseInto_monthDay_feb29_tokyo_startOfYear,208,47,22.6,88,10,11.4,0
Time-8,buggy,org.joda.time.TestDateTimeZone::testGetShortNameNullKey,355,71,20.0,178,24,13.5,0
Time-8,fixed,org.joda.time.TestDateTimeZone::testGetShortNameNullKey,357,71,19.9,182,24,13.2,0
Time-9,buggy,org.joda.time.TestDateTimeZone::testGetShortNameNullKey,351,71,20.2,170,24,14.1,0
Time-9,fixed,org.joda.time.TestDateTimeZone::testGetShortNameNullKey,355,71,20.0,178,24,13.5,0
Time-10,buggy,org.joda.time.TestMonths::testFactory_monthsBetween_RPartial_MonthDay,71,15,21.1,46,8,17.4,0
Time-10,fixed,org.joda.time.TestMonths::testFactory_monthsBetween_RPartial_MonthDay,71,15,21.1,46,8,17.4,0
Time-11,buggy,org.joda.time.tz.TestCompiler::testDateTimeZoneBuilder,393,4,1.0,193,0,0.0,0
Time-11,fixed,org.joda.time.tz.TestCompiler::testDateTimeZoneBuilder,393,4,1.0,193,0,0.0,0
Time-12,buggy,org.joda.time.TestLocalDate_Constructors::testConstructor_nullObject_nullChronology,664,27,4.1,236,3,1.3,0
Time-12,fixed,org.joda.time.TestLocalDate_Constructors::testConstructor_nullObject_nullChronology,676,27,4.0,244,3,1.2,0
Time-13,buggy,org.joda.time.format.TestISOPeriodFormat::testSubclassableConstructor,672,0,0.0,452,0,0.0,0
Time-13,fixed,org.joda.time.format.TestISOPeriodFormat::testSubclassableConstructor,675,0,0.0,458,0,0.0,0
Time-14,buggy,org.joda.time.TestMonthDay_Basics::testWithFieldAdded_nullField_nonZero,114,17,14.9,46,1,2.2,0
Time-14,fixed,org.joda.time.TestMonthDay_Basics::testWithFieldAdded_nullField_nonZero,118,17,14.4,52,1,1.9,0
Time-15,buggy,org.joda.time.field.TestFieldUtils::testSafeAddLong,75,4,5.3,70,4,5.7,0
Time-15,fixed,org.joda.time.field.TestFieldUtils::testSafeAddLong,77,4,5.2,72,4,5.6,0
Time-16,buggy,org.joda.time.format.TestDateTimeFormatter::testParseLocalDateTime_monthDay_withDefaultYear_feb29,207,46,22.2,88,11,12.5,0
Time-16,fixed,org.joda.time.format.TestDateTimeFormatter::testParseLocalDateTime_monthDay_withDefaultYear_feb29,208,46,22.1,88,11,12.5,0
Time-17,buggy,org.joda.time.TestDateTimeZoneCutover::test_DateTime_constructor_NewYork_Autumn,343,51,14.9,162,17,10.5,0
Time-17,fixed,org.joda.time.TestDateTimeZoneCutover::test_DateTime_constructor_NewYork_Autumn,353,51,14.4,170,17,10.0,0
Time-18,buggy,org.joda.time.chrono.TestGJChronology::testLeapYearRulesConstructionInvalid,344,109,31.7,152,11,7.2,0
Time-18,fixed,org.joda.time.chrono.TestGJChronology::testLeapYearRulesConstructionInvalid,352,112,31.8,158,13,8.2,0
Time-19,buggy,org.joda.time.TestDateTimeZoneCutover::test_DateTime_constructor_NewYork_Autumn,343,51,14.9,162,17,10.5,0
Time-19,fixed,org.joda.time.TestDateTimeZoneCutover::test_DateTime_constructor_NewYork_Autumn,343,51,14.9,162,17,10.5,0
Time-20,buggy,org.joda.time.format.TestDateTimeFormatterBuilder::test_printParseShortNameWithLookup,1033,0,0.0,589,0,0.0,0
Time-20,fixed,org.joda.time.format.TestDateTimeFormatterBuilder::test_printParseShortNameWithLookup,1037,0,0.0,595,0,0.0,0
Time-22,buggy,org.joda.time.TestPeriod_Constructors::testParse_noFormatter,171,58,33.9,58,9,15.5,0
Time-22,fixed,org.joda.time.TestPeriod_Constructors::testParse_noFormatter,176,58,33.0,58,9,15.5,0
Time-23,buggy,org.joda.time.TestDateTimeZone::testGetShortNameNullKey,342,71,20.8,162,24,14.8,0
Time-23,fixed,org.joda.time.TestDateTimeZone::testGetShortNameNullKey,343,71,20.7,162,24,14.8,0
Time-24,buggy,org.joda.time.format.TestDateTimeFormatter::testParseLocalDate_monthDay_withDefaultYear_feb29,144,70,48.6,64,27,42.2,0
Time-24,fixed,org.joda.time.format.TestDateTimeFormatter::testParseLocalDate_monthDay_withDefaultYear_feb29,147,73,49.7,70,33,47.1,0
Time-25,buggy,org.joda.time.TestDateTimeZoneCutover::test_DateTime_constructor_NewYork_Autumn,328,50,15.2,152,16,10.5,0
Time-25,fixed,org.joda.time.TestDateTimeZoneCutover::test_DateTime_constructor_NewYork_Autumn,336,51,15.2,158,17,10.8,0
Time-26,buggy,org.joda.time.TestDateTimeZoneCutover::test_DateTime_minusHour_Guatemata_Autumn,567,142,25.0,240,37,15.4,0
Time-26,fixed,org.joda.time.TestDateTimeZoneCutover::test_DateTime_minusHour_Guatemata_Autumn,573,142,24.8,242,37,15.3,0
Time-27,buggy,org.joda.time.format.TestPeriodFormatterBuilder::testFormatAppend_PrinterParser_null_Parser,670,153,22.8,446,70,15.7,0
Time-27,fixed,org.joda.time.format.TestPeriodFormatterBuilder::testFormatAppend_PrinterParser_null_Parser,672,153,22.8,450,70,15.6,0
