bug_id,method,buggy_status,fixed_status,detected,buggy_rc,fixed_rc,buggy_failing,fixed_failing,buggy_ms,fixed_ms
Closure-1,test01,FAIL,PASS,YES,0,0,1,0,6862,6189
Closure-1,test02,FAIL,PASS,YES,0,0,1,0,6803,6781
Closure-1,test03,FAIL,PASS,YES,0,0,1,0,6744,7844
Closure-1,test04,FAIL,PASS,YES,0,0,1,0,7494,7837
Closure-1,test05,FAIL,PASS,YES,0,0,1,0,6345,8890
Closure-1,test06,FAIL,PASS,YES,0,0,1,0,9030,5038
Closure-1,test07,FAIL,PASS,YES,0,0,1,0,8814,5768
Closure-1,test08,FAIL,PASS,YES,0,0,1,0,6916,6785
Closure-2,test01,FAIL,PASS,YES,0,0,1,0,6340,6298
Closure-3,test01,FAIL,PASS,YES,0,0,1,0,8142,7989
Closure-3,test02,FAIL,PASS,YES,0,0,1,0,6089,5716
Closure-3,test03,FAIL,PASS,YES,0,0,1,0,7516,5892
Closure-4,test01,FAIL,PASS,YES,0,0,1,0,8348,5185
Closure-4,test02,FAIL,PASS,YES,0,0,1,0,7553,5251
Closure-4,test03,FAIL,PASS,YES,0,0,1,0,6598,7858
Closure-5,test01,FAIL,PASS,YES,0,0,1,0,5912,4841
Closure-6,test01,FAIL,PASS,YES,0,0,1,0,6922,5031
Closure-6,test02,FAIL,PASS,YES,0,0,1,0,6644,5284
Closure-6,test03,FAIL,PASS,YES,0,0,1,0,7263,4886
Closure-7,test01,FAIL,PASS,YES,0,0,1,0,6669,6441
Closure-7,test02,FAIL,PASS,YES,0,0,1,0,7037,7784
Closure-8,test01,FAIL,PASS,YES,0,0,1,0,6837,6728
Closure-9,test01,FAIL,PASS,YES,0,0,1,0,5631,5108
Closure-10,test01,FAIL,PASS,YES,0,0,1,0,6800,4729
Closure-11,test01,FAIL,PASS,YES,0,0,1,0,7350,7193
Closure-11,test02,FAIL,PASS,YES,0,0,1,0,5641,6060
Closure-12,test01,FAIL,PASS,YES,0,0,1,0,8458,6372
Closure-13,test01,FAIL,PASS,YES,0,0,1,0,7360,6920
Closure-14,test01,FAIL,PASS,YES,0,0,1,0,8008,5650
Closure-14,test02,FAIL,PASS,YES,0,0,1,0,9888,6933
Closure-14,test03,FAIL,PASS,YES,0,0,1,0,6151,5854
Closure-15,test01,FAIL,PASS,YES,0,0,1,0,7729,6100
Closure-16,test01,FAIL,PASS,YES,0,0,1,0,7255,6261
Closure-16,test02,FAIL,PASS,YES,0,0,1,0,6984,5702
Closure-17,test01,FAIL,PASS,YES,0,0,1,0,7788,6836
Closure-18,test01,FAIL,PASS,YES,0,0,1,0,7595,9606
Closure-19,test01,FAIL,PASS,YES,0,0,1,0,7878,8994
Closure-20,test01,FAIL,PASS,YES,0,0,1,0,11717,6316
Closure-21,test01,FAIL,PASS,YES,0,0,1,0,7624,7687
Closure-22,test01,FAIL,PASS,YES,0,0,1,0,6806,6362
Closure-23,test01,FAIL,PASS,YES,0,0,1,0,7487,7035
Closure-24,test01,FAIL,PASS,YES,0,0,1,0,7091,9004
Closure-25,test01,FAIL,PASS,YES,0,0,1,0,10918,7137
Closure-26,test01,FAIL,PASS,YES,0,0,1,0,9815,7681
Closure-26,test02,FAIL,PASS,YES,0,0,1,0,9752,7096
Closure-26,test03,FAIL,PASS,YES,0,0,1,0,8063,5099
Closure-26,test04,FAIL,PASS,YES,0,0,1,0,7859,5951
Closure-26,test05,FAIL,PASS,YES,0,0,1,0,9218,8406
Closure-26,test06,FAIL,PASS,YES,0,0,1,0,7643,5060
Closure-26,test07,FAIL,PASS,YES,0,0,1,0,5877,4811
Closure-27,test01,FAIL,PASS,YES,0,0,1,0,8624,6722
Closure-27,test02,FAIL,PASS,YES,0,0,1,0,7341,6264
Closure-27,test03,FAIL,PASS,YES,0,0,1,0,6586,6901
Closure-28,test01,FAIL,PASS,YES,0,0,1,0,8392,7595
Closure-28,test02,FAIL,PASS,YES,0,0,1,0,7364,10158
Closure-29,test01,FAIL,PASS,YES,0,0,1,0,8537,9025
Closure-29,test02,FAIL,PASS,YES,0,0,1,0,9914,8813
Closure-29,test03,FAIL,PASS,YES,0,0,1,0,9648,7687
Closure-29,test04,FAIL,PASS,YES,0,0,1,0,9177,6265
Closure-29,test05,FAIL,PASS,YES,0,0,1,0,8548,7966
Closure-30,test01,FAIL,PASS,YES,0,0,1,0,9120,7610
Closure-30,test02,FAIL,PASS,YES,0,0,1,0,7717,7204
Closure-30,test03,FAIL,PASS,YES,0,0,1,0,10139,8331
Closure-31,test01,FAIL,PASS,YES,0,0,1,0,9586,7597
Closure-32,test01,FAIL,PASS,YES,0,0,1,0,8794,7824
Closure-32,test02,FAIL,PASS,YES,0,0,1,0,7191,6870
Closure-32,test03,FAIL,PASS,YES,0,0,1,0,9562,9172
Closure-32,test04,FAIL,PASS,YES,0,0,1,0,11177,6962
Closure-33,test01,FAIL,PASS,YES,0,0,1,0,10442,8296
Closure-34,test01,FAIL,PASS,YES,0,0,1,0,9092,10693
Closure-35,test01,FAIL,PASS,YES,0,0,1,0,11565,8213
Closure-36,test01,FAIL,PASS,YES,0,0,1,0,10897,7420
Closure-37,test01,FAIL,PASS,YES,0,0,1,0,8102,7609
Closure-38,test01,FAIL,PASS,YES,0,0,1,0,8050,7525
Closure-39,test01,FAIL,PASS,YES,0,0,1,0,8006,9149
Closure-39,test02,FAIL,PASS,YES,0,0,1,0,7848,8107
Closure-40,test01,FAIL,PASS,YES,0,0,1,0,12746,9066
Closure-40,test02,FAIL,PASS,YES,0,0,1,0,9408,6603
Closure-41,test01,FAIL,PASS,YES,0,0,1,0,10199,6980
Closure-41,test02,FAIL,PASS,YES,0,0,1,0,8183,6983
Closure-41,test03,FAIL,PASS,YES,0,0,1,0,9905,9296
Closure-42,test01,FAIL,PASS,YES,0,0,1,0,8036,6786
Closure-43,test01,FAIL,PASS,YES,0,0,1,0,9135,10052
Closure-43,test02,FAIL,PASS,YES,0,0,1,0,7844,7696
Closure-44,test01,FAIL,PASS,YES,0,0,1,0,6528,6125
Closure-45,test01,FAIL,PASS,YES,0,0,1,0,5704,8043
Closure-46,test01,FAIL,PASS,YES,0,0,1,0,6468,5734
Closure-46,test02,FAIL,PASS,YES,0,0,1,0,6256,6061
Closure-46,test03,FAIL,PASS,YES,0,0,1,0,6665,7584
Closure-47,test01,COMPILE_ERROR,PASS,NO,,0,,0,,7992
Closure-47,test02,COMPILE_ERROR,PASS,NO,,0,,0,,7072
Closure-47,test03,COMPILE_ERROR,PASS,NO,,0,,0,,6046
Closure-47,test04,COMPILE_ERROR,PASS,NO,,0,,0,,6917
Closure-47,test05,COMPILE_ERROR,PASS,NO,,0,,0,,6128
Closure-47,test06,COMPILE_ERROR,PASS,NO,,0,,0,,5518
Closure-47,test07,COMPILE_ERROR,PASS,NO,,0,,0,,7383
Closure-47,test08,COMPILE_ERROR,PASS,NO,,0,,0,,5855
Closure-47,test09,COMPILE_ERROR,PASS,NO,,0,,0,,6245
Closure-47,test10,COMPILE_ERROR,PASS,NO,,0,,0,,5857
Closure-47,test11,COMPILE_ERROR,PASS,NO,,0,,0,,7151
Closure-47,test12,COMPILE_ERROR,PASS,NO,,0,,0,,8057
Closure-47,test13,COMPILE_ERROR,PASS,NO,,0,,0,,6112
Closure-47,test14,COMPILE_ERROR,PASS,NO,,0,,0,,6201
Closure-47,test15,COMPILE_ERROR,PASS,NO,,0,,0,,8793
Closure-47,test16,COMPILE_ERROR,PASS,NO,,0,,0,,6260
Closure-48,test01,FAIL,PASS,YES,0,0,1,0,7096,7338
Closure-49,test01,FAIL,PASS,YES,0,0,1,0,8782,7491
Closure-49,test02,FAIL,PASS,YES,0,0,1,0,7318,6249
Closure-49,test03,FAIL,PASS,YES,0,0,1,0,7236,8261
Closure-49,test04,FAIL,PASS,YES,0,0,1,0,6701,7038
Closure-49,test05,FAIL,PASS,YES,0,0,1,0,6498,7053
Closure-49,test06,FAIL,PASS,YES,0,0,1,0,7082,6082
Closure-49,test07,FAIL,PASS,YES,0,0,1,0,8942,6065
Closure-49,test08,FAIL,PASS,YES,0,0,1,0,7626,7069
Closure-49,test09,FAIL,PASS,YES,0,0,1,0,7810,7643
Closure-49,test10,FAIL,PASS,YES,0,0,1,0,9608,5156
Closure-49,test11,FAIL,PASS,YES,0,0,1,0,7120,5844
Closure-49,test12,FAIL,PASS,YES,0,0,1,0,6791,6212
Closure-49,test13,FAIL,PASS,YES,0,0,1,0,7326,6077
Closure-49,test14,FAIL,PASS,YES,0,0,1,0,8379,7250
Closure-49,test15,FAIL,PASS,YES,0,0,1,0,6948,7104
Closure-49,test16,FAIL,PASS,YES,0,0,1,0,7255,5788
Closure-49,test17,FAIL,PASS,YES,0,0,1,0,6787,7322
Closure-49,test18,FAIL,PASS,YES,0,0,1,0,7110,7635
Closure-49,test19,FAIL,PASS,YES,0,0,1,0,6951,6572
Closure-49,test20,FAIL,PASS,YES,0,0,1,0,8901,9123
Closure-49,test21,FAIL,PASS,YES,0,0,1,0,6656,6381
Closure-49,test22,FAIL,PASS,YES,0,0,1,0,7448,5690
Closure-49,test23,FAIL,PASS,YES,0,0,1,0,7243,6214
Closure-49,test24,FAIL,PASS,YES,0,0,1,0,8319,6318
Closure-49,test25,FAIL,PASS,YES,0,0,1,0,8244,9479
Closure-49,test26,FAIL,PASS,YES,0,0,1,0,8587,6234
Closure-49,test27,FAIL,PASS,YES,0,0,1,0,7289,5974
Closure-49,test28,FAIL,PASS,YES,0,0,1,0,6993,5908
Closure-49,test29,FAIL,PASS,YES,0,0,1,0,8236,8104
Closure-49,test30,FAIL,PASS,YES,0,0,1,0,6416,6384
Closure-49,test31,FAIL,PASS,YES,0,0,1,0,8814,7351
Closure-49,test32,FAIL,PASS,YES,0,0,1,0,7093,6235
Closure-49,test33,FAIL,PASS,YES,0,0,1,0,6815,6199
Closure-49,test34,FAIL,PASS,YES,0,0,1,0,8395,6275
Closure-49,test35,FAIL,PASS,YES,0,0,1,0,6836,5639
Closure-49,test36,FAIL,PASS,YES,0,0,1,0,6988,8565
Closure-49,test37,FAIL,PASS,YES,0,0,1,0,6552,8169
Closure-49,test38,FAIL,PASS,YES,0,0,1,0,6906,5640
Closure-49,test39,FAIL,PASS,YES,0,0,1,0,7318,6315
Closure-49,test40,FAIL,PASS,YES,0,0,1,0,6508,5586
Closure-49,test41,FAIL,PASS,YES,0,0,1,0,6874,7162
Closure-49,test42,FAIL,PASS,YES,0,0,1,0,7409,5728
Closure-49,test43,FAIL,PASS,YES,0,0,1,0,6588,5951
Closure-49,test44,FAIL,PASS,YES,0,0,1,0,8302,7852
Closure-49,test45,FAIL,PASS,YES,0,0,1,0,7087,5907
Closure-49,test46,FAIL,PASS,YES,0,0,1,0,9385,7278
Closure-49,test47,FAIL,PASS,YES,0,0,1,0,6698,7024
Closure-49,test48,FAIL,PASS,YES,0,0,1,0,7330,7060
Closure-49,test49,FAIL,PASS,YES,0,0,1,0,6703,6736
Closure-49,test50,FAIL,PASS,YES,0,0,1,0,7227,6116
Closure-49,test51,FAIL,PASS,YES,0,0,1,0,6754,6600
Closure-49,test52,FAIL,PASS,YES,0,0,1,0,7622,6819
Closure-49,test53,FAIL,PASS,YES,0,0,1,0,7424,6227
Closure-49,test54,FAIL,PASS,YES,0,0,1,0,10303,6710
Closure-49,test55,FAIL,PASS,YES,0,0,1,0,9432,4889
Closure-49,test56,FAIL,PASS,YES,0,0,1,0,7996,7230
Closure-49,test57,FAIL,PASS,YES,0,0,1,0,6743,7161
Closure-49,test58,FAIL,PASS,YES,0,0,1,0,7333,6463
Closure-49,test59,FAIL,PASS,YES,0,0,1,0,7333,6486
Closure-49,test60,FAIL,PASS,YES,0,0,1,0,8196,6296
Closure-49,test61,FAIL,PASS,YES,0,0,1,0,8204,6530
Closure-49,test62,FAIL,PASS,YES,0,0,1,0,6932,6657
Closure-49,test63,FAIL,PASS,YES,0,0,1,0,6703,5454
Closure-49,test64,FAIL,PASS,YES,0,0,1,0,6695,6023
Closure-49,test65,FAIL,PASS,YES,0,0,1,0,7046,7692
Closure-49,test66,FAIL,PASS,YES,0,0,1,0,7755,6264
Closure-50,test01,FAIL,PASS,YES,0,0,1,0,7118,5902
Closure-50,test02,FAIL,PASS,YES,0,0,1,0,6547,5462
Closure-51,test01,FAIL,PASS,YES,0,0,1,0,6769,9329
Closure-52,test01,FAIL,PASS,YES,0,0,1,0,7706,8256
Closure-53,test01,FAIL,PASS,YES,0,0,1,0,7091,9443
Closure-54,test01,FAIL,PASS,YES,0,0,1,0,7675,8258
Closure-54,test02,FAIL,PASS,YES,0,0,1,0,8351,7358
Closure-54,test03,FAIL,PASS,YES,0,0,1,0,8149,6372
Closure-55,test01,FAIL,PASS,YES,0,0,1,0,8077,6040
Closure-56,test01,FAIL,PASS,YES,0,0,1,0,12794,8105
Closure-56,test02,FAIL,PASS,YES,0,0,1,0,8269,9996
Closure-56,test03,FAIL,PASS,YES,0,0,1,0,7795,7407
Closure-57,test01,FAIL,PASS,YES,0,0,1,0,7566,7223
Closure-58,test01,FAIL,PASS,YES,0,0,1,0,10769,7705
Closure-59,test01,FAIL,PASS,YES,0,0,1,0,8184,6788
Closure-60,test01,FAIL,PASS,YES,0,0,1,0,7523,6950
Closure-60,test02,FAIL,PASS,YES,0,0,1,0,7463,6912
Closure-61,test01,FAIL,PASS,YES,0,0,1,0,7237,5517
Closure-61,test02,FAIL,PASS,YES,0,0,1,0,6317,5716
Closure-61,test03,FAIL,PASS,YES,0,0,1,0,6780,6950
Closure-62,test01,FAIL,PASS,YES,0,0,1,0,6992,5157
Closure-62,test02,FAIL,PASS,YES,0,0,1,0,6474,5286
Closure-64,test01,FAIL,PASS,YES,0,0,1,0,5003,3823
Closure-65,test01,FAIL,PASS,YES,0,0,1,0,4651,3551
Closure-66,test01,FAIL,PASS,YES,0,0,1,0,5050,3527
Closure-66,test02,FAIL,PASS,YES,0,0,1,0,4584,3546
Closure-67,test01,FAIL,PASS,YES,0,0,1,0,4879,3881
Closure-68,test01,FAIL,PASS,YES,0,0,1,0,4518,3329
Closure-69,test01,FAIL,PASS,YES,0,0,1,0,4688,3698
Closure-69,test02,FAIL,PASS,YES,0,0,1,0,4261,3615
Closure-69,test03,FAIL,PASS,YES,0,0,1,0,4633,3328
Closure-70,test01,FAIL,PASS,YES,0,0,1,0,4760,3707
Closure-70,test02,FAIL,PASS,YES,0,0,1,0,4657,3297
Closure-70,test03,FAIL,PASS,YES,0,0,1,0,4575,3380
Closure-70,test04,FAIL,PASS,YES,0,0,1,0,4641,3436
Closure-70,test05,FAIL,PASS,YES,0,0,1,0,4411,3612
Closure-71,test01,FAIL,PASS,YES,0,0,1,0,4703,3619
Closure-71,test02,FAIL,PASS,YES,0,0,1,0,4430,3358
Closure-72,test01,FAIL,PASS,YES,0,0,1,0,4772,3640
Closure-73,test01,FAIL,PASS,YES,0,0,1,0,4595,3889
Closure-74,test01,FAIL,PASS,YES,0,0,1,0,4729,3774
Closure-74,test02,FAIL,PASS,YES,0,0,1,0,4917,3826
Closure-74,test03,FAIL,PASS,YES,0,0,1,0,4893,3951
Closure-75,test01,FAIL,PASS,YES,0,0,1,0,4874,3825
Closure-76,test01,FAIL,PASS,YES,0,0,1,0,4653,3664
Closure-76,test02,FAIL,PASS,YES,0,0,1,0,4624,3361
Closure-76,test03,FAIL,PASS,YES,0,0,1,0,4451,3558
Closure-76,test04,FAIL,PASS,YES,0,0,1,0,4728,3298
Closure-77,test01,FAIL,PASS,YES,0,0,1,0,4550,3513
Closure-78,test01,FAIL,PASS,YES,0,0,1,0,4660,3604
Closure-79,test01,FAIL,PASS,YES,0,0,1,0,4480,3348
Closure-79,test02,FAIL,PASS,YES,0,0,1,0,4358,3384
Closure-79,test03,FAIL,PASS,YES,0,0,1,0,4489,3403
Closure-79,test04,FAIL,PASS,YES,0,0,1,0,4525,2991
Closure-79,test05,FAIL,PASS,YES,0,0,1,0,4570,3064
Closure-80,test01,FAIL,PASS,YES,0,0,1,0,4581,3546
Closure-80,test02,FAIL,PASS,YES,0,0,1,0,4598,3206
Closure-81,test01,FAIL,PASS,YES,0,0,1,0,4438,3437
Closure-82,test01,FAIL,PASS,YES,0,0,1,0,4696,4051
Closure-82,test02,FAIL,PASS,YES,0,0,1,0,4245,3124
Closure-83,test01,FAIL,PASS,YES,0,0,1,0,4471,3786
Closure-84,test01,FAIL,PASS,YES,0,0,1,0,4467,3223
Closure-85,test01,FAIL,PASS,YES,0,0,1,0,4862,3699
Closure-85,test02,FAIL,PASS,YES,0,0,1,0,4313,3372
Closure-86,test01,FAIL,PASS,YES,0,0,1,0,4719,3312
Closure-86,test02,FAIL,PASS,YES,0,0,1,0,4749,3559
Closure-86,test03,FAIL,PASS,YES,0,0,1,0,4723,3552
Closure-86,test04,FAIL,PASS,YES,0,0,1,0,4432,3590
Closure-86,test05,FAIL,PASS,YES,0,0,1,0,4625,3555
Closure-86,test06,FAIL,PASS,YES,0,0,1,0,4679,3181
Closure-86,test07,FAIL,PASS,YES,0,0,1,0,4566,3450
Closure-87,test01,FAIL,PASS,YES,0,0,1,0,4778,3554
Closure-88,test01,FAIL,PASS,YES,0,0,1,0,4753,3724
Closure-88,test02,FAIL,PASS,YES,0,0,1,0,4328,3245
Closure-88,test03,FAIL,PASS,YES,0,0,1,0,4515,3437
Closure-88,test04,FAIL,PASS,YES,0,0,1,0,4459,3398
Closure-88,test05,FAIL,PASS,YES,0,0,1,0,4439,3224
Closure-88,test06,FAIL,PASS,YES,0,0,1,0,4231,2958
Closure-88,test07,FAIL,PASS,YES,0,0,1,0,4219,3327
Closure-89,test01,FAIL,PASS,YES,0,0,1,0,4269,3230
Closure-89,test02,FAIL,PASS,YES,0,0,1,0,4207,3141
Closure-89,test03,FAIL,PASS,YES,0,0,1,0,4384,3072
Closure-89,test04,FAIL,PASS,YES,0,0,1,0,4226,3001
Closure-89,test05,FAIL,PASS,YES,0,0,1,0,3716,2875
Closure-89,test06,FAIL,PASS,YES,0,0,1,0,3936,2732
Closure-89,test07,FAIL,PASS,YES,0,0,1,0,4007,2746
Closure-89,test08,FAIL,PASS,YES,0,0,1,0,4122,2981
Closure-90,test01,FAIL,PASS,YES,0,0,1,0,3711,2632
Closure-90,test02,FAIL,PASS,YES,0,0,1,0,3480,2144
Closure-91,test01,FAIL,PASS,YES,0,0,1,0,3511,2558
Closure-92,test01,FAIL,PASS,YES,0,0,1,0,3592,2597
Closure-94,test01,FAIL,PASS,YES,0,0,1,0,3183,2404
Closure-94,test02,FAIL,PASS,YES,0,0,1,0,3070,2505
Closure-94,test03,FAIL,PASS,YES,0,0,1,0,3222,2361
Closure-95,test01,FAIL,PASS,YES,0,0,1,0,3727,2608
Closure-95,test02,FAIL,PASS,YES,0,0,1,0,3382,2467
Closure-96,test01,FAIL,PASS,YES,0,0,1,0,3590,2733
Closure-97,test01,FAIL,PASS,YES,0,0,1,0,3514,2460
Closure-98,test01,FAIL,PASS,YES,0,0,1,0,3750,2393
Closure-99,test01,FAIL,PASS,YES,0,0,1,0,3751,2240
Closure-99,test02,FAIL,PASS,YES,0,0,1,0,3414,2242
Closure-99,test03,FAIL,PASS,YES,0,0,1,0,3336,2173
Closure-100,test01,FAIL,PASS,YES,0,0,1,0,3560,2444
Closure-100,test02,FAIL,PASS,YES,0,0,1,0,3291,2241
Closure-100,test03,FAIL,PASS,YES,0,0,1,0,3165,2103
Closure-100,test04,FAIL,PASS,YES,0,0,1,0,3388,2398
Closure-100,test05,FAIL,PASS,YES,0,0,1,0,3404,2386
Closure-100,test06,FAIL,PASS,YES,0,0,1,0,3527,2130
Closure-100,test07,FAIL,PASS,YES,0,0,1,0,3287,2133
Closure-100,test08,FAIL,PASS,YES,0,0,1,0,3345,2248
Closure-100,test09,FAIL,PASS,YES,0,0,1,0,3297,2321
Closure-101,test01,FAIL,PASS,YES,0,0,1,0,3662,2932
Closure-102,test01,FAIL,PASS,YES,0,0,1,0,4141,3129
Closure-103,test01,FAIL,PASS,YES,0,0,1,0,3570,2419
Closure-103,test02,FAIL,PASS,YES,0,0,1,0,3112,2207
Closure-103,test03,FAIL,PASS,YES,0,0,1,0,3555,2453
Closure-104,test01,FAIL,PASS,YES,0,0,1,0,3045,1996
Closure-105,test01,FAIL,PASS,YES,0,0,1,0,3704,2604
Closure-106,test01,FAIL,PASS,YES,0,0,1,0,3728,2568
Closure-106,test02,FAIL,PASS,YES,0,0,1,0,3427,2142
Closure-106,test03,FAIL,PASS,YES,0,0,1,0,3504,2421
Closure-106,test04,FAIL,PASS,YES,0,0,1,0,3430,2232
Closure-107,test01,FAIL,PASS,YES,0,0,1,0,7071,6661
Closure-108,test01,FAIL,PASS,YES,0,0,1,0,6620,5114
Closure-109,test01,FAIL,PASS,YES,0,0,1,0,7157,5179
Closure-109,test02,FAIL,PASS,YES,0,0,1,0,6313,5764
Closure-110,test01,FAIL,PASS,YES,0,0,1,0,6427,5219
Closure-110,test02,FAIL,PASS,YES,0,0,1,0,5876,5292
Closure-111,test01,FAIL,PASS,YES,0,0,1,0,6553,5438
Closure-112,test01,FAIL,PASS,YES,0,0,1,0,6959,5747
Closure-112,test02,FAIL,PASS,YES,0,0,1,0,6512,5449
Closure-113,test01,COMPILE_ERROR,PASS,NO,,0,,0,,5497
Closure-114,test01,FAIL,PASS,YES,0,0,1,0,7115,5526
Closure-115,test01,FAIL,PASS,YES,0,0,1,0,9125,6277
Closure-115,test02,FAIL,PASS,YES,0,0,1,0,6237,5295
Closure-115,test03,FAIL,PASS,YES,0,0,1,0,5904,5790
Closure-115,test04,FAIL,PASS,YES,0,0,1,0,6525,6010
Closure-115,test05,PASS,PASS,NO,0,0,0,0,7831,6895
Closure-115,test06,PASS,PASS,NO,0,0,0,0,6875,6019
Closure-115,test07,FAIL,PASS,YES,0,0,1,0,7290,5370
Closure-116,test01,FAIL,PASS,YES,0,0,1,0,6942,6417
Closure-116,test02,FAIL,PASS,YES,0,0,1,0,6436,4969
Closure-116,test03,FAIL,PASS,YES,0,0,1,0,6201,6252
Closure-116,test04,FAIL,PASS,YES,0,0,1,0,7311,7541
Closure-116,test05,FAIL,PASS,YES,0,0,1,0,6310,5784
Closure-116,test06,FAIL,PASS,YES,0,0,1,0,7083,5633
Closure-116,test07,FAIL,PASS,YES,0,0,1,0,7599,6508
Closure-116,test08,FAIL,PASS,YES,0,0,1,0,6221,6043
Closure-117,test01,FAIL,PASS,YES,0,0,1,0,7423,6073
Closure-118,test01,FAIL,PASS,YES,0,0,1,0,7013,6358
Closure-118,test02,FAIL,PASS,YES,0,0,1,0,6735,5559
Closure-119,test01,FAIL,PASS,YES,0,0,1,0,6951,5858
Closure-120,test01,FAIL,PASS,YES,0,0,1,0,6389,6143
Closure-121,test01,FAIL,PASS,YES,0,0,1,0,6304,5888
Closure-122,test01,FAIL,PASS,YES,0,0,1,0,6851,6919
Closure-122,test02,FAIL,PASS,YES,0,0,1,0,6177,6384
Closure-122,test03,FAIL,PASS,YES,0,0,1,0,6437,5456
Closure-123,test01,FAIL,PASS,YES,0,0,1,0,5966,7903
Closure-124,test01,FAIL,PASS,YES,0,0,1,0,6471,6980
Closure-125,test01,FAIL,PASS,YES,0,0,1,0,7478,6651
Closure-126,test01,FAIL,PASS,YES,0,0,1,0,6409,6258
Closure-126,test02,FAIL,PASS,YES,0,0,1,0,6048,7302
Closure-127,test01,FAIL,PASS,YES,0,0,1,0,7441,5659
Closure-127,test02,FAIL,PASS,YES,0,0,1,0,6419,7227
Closure-127,test03,FAIL,PASS,YES,0,0,1,0,6153,6791
Closure-127,test04,FAIL,PASS,YES,0,0,1,0,6220,5619
Closure-127,test05,FAIL,PASS,YES,0,0,1,0,6318,5320
Closure-127,test06,FAIL,PASS,YES,0,0,1,0,6511,5739
Closure-128,test01,FAIL,PASS,YES,0,0,1,0,6698,5516
Closure-129,test01,FAIL,PASS,YES,0,0,1,0,7598,6318
Closure-130,test01,FAIL,PASS,YES,0,0,1,0,7599,5236
Closure-131,test01,FAIL,PASS,YES,0,0,1,0,8253,6073
Closure-131,test02,FAIL,PASS,YES,0,0,1,0,6033,5198
Closure-132,test01,FAIL,PASS,YES,0,0,1,0,6116,6574
Closure-133,test01,FAIL,PASS,YES,0,0,1,0,7359,5769
Closure-134,test01,FAIL,PASS,YES,0,0,1,0,4015,2792
Closure-134,test02,FAIL,PASS,YES,0,0,1,0,3337,2421
Closure-135,test01,FAIL,PASS,YES,0,0,1,0,3705,2559
Closure-135,test02,FAIL,PASS,YES,0,0,1,0,3484,2317
Closure-136,test01,FAIL,PASS,YES,0,0,1,0,3657,2558
Closure-136,test02,FAIL,PASS,YES,0,0,1,0,3286,2288
Closure-136,test03,FAIL,PASS,YES,0,0,1,0,3396,2379
Closure-136,test04,FAIL,PASS,YES,0,0,1,0,3312,2400
Closure-137,test01,FAIL,PASS,YES,0,0,1,0,3657,2676
Closure-137,test02,FAIL,PASS,YES,0,0,1,0,3412,2483
Closure-137,test03,FAIL,PASS,YES,0,0,1,0,3551,2162
Closure-137,test04,FAIL,PASS,YES,0,0,1,0,3384,1916
Closure-137,test05,FAIL,PASS,YES,0,0,1,0,3529,2472
Closure-138,test01,FAIL,PASS,YES,0,0,1,0,3775,2966
Closure-138,test02,FAIL,PASS,YES,0,0,1,0,4073,2690
Closure-138,test03,FAIL,PASS,YES,0,0,1,0,3541,2451
Closure-138,test04,FAIL,PASS,YES,0,0,1,0,3936,2537
Closure-138,test05,FAIL,PASS,YES,0,0,1,0,3946,2430
Closure-139,test01,FAIL,PASS,YES,0,0,1,0,3796,2667
Closure-139,test02,FAIL,PASS,YES,0,0,1,0,3595,1996
Closure-139,test03,FAIL,PASS,YES,0,0,1,0,3734,2121
Closure-140,test01,FAIL,PASS,YES,0,0,1,0,3067,1950
Closure-141,test01,FAIL,PASS,YES,0,0,1,0,3198,1867
Closure-141,test02,FAIL,PASS,YES,0,0,1,0,2927,1732
Closure-141,test03,FAIL,PASS,YES,0,0,1,0,3197,1795
Closure-141,test04,FAIL,PASS,YES,0,0,1,0,3214,1892
Closure-141,test05,FAIL,PASS,YES,0,0,1,0,3059,1764
Closure-141,test06,FAIL,PASS,YES,0,0,1,0,3170,1932
Closure-141,test07,FAIL,PASS,YES,0,0,1,0,3070,1876
Closure-141,test08,FAIL,PASS,YES,0,0,1,0,3027,1920
Closure-142,test01,FAIL,PASS,YES,0,0,1,0,3300,1953
Closure-142,test02,FAIL,PASS,YES,0,0,1,0,2700,1543
Closure-143,test01,FAIL,PASS,YES,0,0,1,0,3035,2165
Closure-143,test02,FAIL,PASS,YES,0,0,1,0,3136,1769
Closure-143,test03,FAIL,PASS,YES,0,0,1,0,3146,1717
Closure-144,test01,FAIL,PASS,YES,0,0,1,0,2983,1938
Closure-144,test02,FAIL,PASS,YES,0,0,1,0,2974,2206
Closure-144,test03,FAIL,PASS,YES,0,0,1,0,2856,1886
Closure-144,test04,FAIL,PASS,YES,0,0,1,0,3055,1775
Closure-144,test05,FAIL,PASS,YES,0,0,1,0,3094,1851
Closure-144,test06,FAIL,PASS,YES,0,0,1,0,3119,1832
Closure-144,test07,FAIL,PASS,YES,0,0,1,0,3110,1953
Closure-144,test08,FAIL,PASS,YES,0,0,1,0,2982,1833
Closure-144,test09,FAIL,PASS,YES,0,0,1,0,3075,1863
Closure-144,test10,FAIL,PASS,YES,0,0,1,0,3105,1921
Closure-144,test11,FAIL,PASS,YES,0,0,1,0,2879,1696
Closure-144,test12,FAIL,PASS,YES,0,0,1,0,3059,1906
Closure-144,test13,FAIL,PASS,YES,0,0,1,0,3326,1747
Closure-144,test14,FAIL,PASS,YES,0,0,1,0,3143,1780
Closure-144,test15,FAIL,PASS,YES,0,0,1,0,3059,1909
Closure-144,test16,FAIL,PASS,YES,0,0,1,0,2900,1961
Closure-144,test17,FAIL,PASS,YES,0,0,1,0,3221,1863
Closure-144,test18,FAIL,PASS,YES,0,0,1,0,3030,2028
Closure-144,test19,FAIL,PASS,YES,0,0,1,0,3078,1993
Closure-144,test20,FAIL,PASS,YES,0,0,1,0,3412,1860
Closure-144,test21,FAIL,PASS,YES,0,0,1,0,3197,2052
Closure-144,test22,FAIL,PASS,YES,0,0,1,0,3338,1893
Closure-144,test23,FAIL,PASS,YES,0,0,1,0,3324,1821
Closure-144,test24,FAIL,PASS,YES,0,0,1,0,2971,2091
Closure-144,test25,FAIL,PASS,YES,0,0,1,0,2958,1949
Closure-144,test26,FAIL,PASS,YES,0,0,1,0,3125,1818
Closure-144,test27,FAIL,PASS,YES,0,0,1,0,3066,1767
Closure-144,test28,FAIL,PASS,YES,0,0,1,0,2966,1849
Closure-144,test29,FAIL,PASS,YES,0,0,1,0,2834,1802
Closure-144,test30,FAIL,PASS,YES,0,0,1,0,3089,2038
Closure-144,test31,FAIL,PASS,YES,0,0,1,0,2780,1723
Closure-144,test32,FAIL,PASS,YES,0,0,1,0,3137,1892
Closure-144,test33,FAIL,PASS,YES,0,0,1,0,2971,1761
Closure-144,test34,FAIL,PASS,YES,0,0,1,0,3048,1764
Closure-144,test35,FAIL,PASS,YES,0,0,1,0,3199,2002
Closure-144,test36,FAIL,PASS,YES,0,0,1,0,3161,1880
Closure-144,test37,FAIL,PASS,YES,0,0,1,0,3244,1841
Closure-144,test38,FAIL,PASS,YES,0,0,1,0,3177,1838
Closure-144,test39,FAIL,PASS,YES,0,0,1,0,3149,1853
Closure-144,test40,FAIL,PASS,YES,0,0,1,0,3317,1876
Closure-144,test41,FAIL,PASS,YES,0,0,1,0,3419,1972
Closure-144,test42,FAIL,PASS,YES,0,0,1,0,3204,1892
Closure-144,test43,FAIL,PASS,YES,0,0,1,0,3288,1849
Closure-144,test44,FAIL,PASS,YES,0,0,1,0,3453,1965
Closure-144,test45,FAIL,PASS,YES,0,0,1,0,3293,1787
Closure-144,test46,FAIL,PASS,YES,0,0,1,0,3121,1809
Closure-144,test47,FAIL,PASS,YES,0,0,1,0,3185,1899
Closure-144,test48,FAIL,PASS,YES,0,0,1,0,3043,1877
Closure-144,test49,FAIL,PASS,YES,0,0,1,0,3224,1862
Closure-144,test50,FAIL,PASS,YES,0,0,1,0,3189,1985
Closure-144,test51,FAIL,PASS,YES,0,0,1,0,2959,2062
Closure-144,test52,FAIL,PASS,YES,0,0,1,0,3048,1946
Closure-144,test53,FAIL,PASS,YES,0,0,1,0,2926,1827
Closure-144,test54,FAIL,PASS,YES,0,0,1,0,3031,1768
Closure-144,test55,FAIL,PASS,YES,0,0,1,0,3217,1876
Closure-144,test56,FAIL,PASS,YES,0,0,1,0,3056,2087
Closure-144,test57,FAIL,PASS,YES,0,0,1,0,3103,1791
Closure-144,test58,FAIL,PASS,YES,0,0,1,0,3023,1783
Closure-144,test59,FAIL,PASS,YES,0,0,1,0,3076,1762
Closure-144,test60,FAIL,PASS,YES,0,0,1,0,2857,1883
Closure-144,test61,FAIL,PASS,YES,0,0,1,0,2931,1834
Closure-144,test62,FAIL,PASS,YES,0,0,1,0,3023,1783
Closure-144,test63,FAIL,PASS,YES,0,0,1,0,2978,1935
Closure-144,test64,FAIL,PASS,YES,0,0,1,0,3113,1859
Closure-144,test65,FAIL,PASS,YES,0,0,1,0,2996,1812
Closure-144,test66,FAIL,PASS,YES,0,0,1,0,3073,1910
Closure-144,test67,FAIL,PASS,YES,0,0,1,0,3219,1862
Closure-144,test68,FAIL,PASS,YES,0,0,1,0,2886,1846
Closure-144,test69,FAIL,PASS,YES,0,0,1,0,2951,1819
Closure-144,test70,FAIL,PASS,YES,0,0,1,0,3017,2035
Closure-144,test71,FAIL,PASS,YES,0,0,1,0,3183,1799
Closure-144,test72,FAIL,PASS,YES,0,0,1,0,3253,2091
Closure-144,test73,FAIL,PASS,YES,0,0,1,0,2983,1813
Closure-144,test74,FAIL,PASS,YES,0,0,1,0,3193,1790
Closure-144,test75,FAIL,PASS,YES,0,0,1,0,3262,1792
Closure-144,test76,FAIL,PASS,YES,0,0,1,0,3142,1843
Closure-144,test77,FAIL,PASS,YES,0,0,1,0,3016,1851
Closure-144,test78,FAIL,PASS,YES,0,0,1,0,3261,1786
Closure-144,test79,FAIL,PASS,YES,0,0,1,0,3094,1871
Closure-144,test80,FAIL,PASS,YES,0,0,1,0,3251,1862
Closure-144,test81,FAIL,PASS,YES,0,0,1,0,3197,1846
Closure-144,test82,FAIL,PASS,YES,0,0,1,0,3090,1959
Closure-144,test83,FAIL,PASS,YES,0,0,1,0,3238,1847
Closure-144,test84,FAIL,PASS,YES,0,0,1,0,3294,1718
Closure-145,test01,FAIL,PASS,YES,0,0,1,0,2883,1922
Closure-145,test02,FAIL,PASS,YES,0,0,1,0,3033,1838
Closure-146,test01,FAIL,PASS,YES,0,0,1,0,3125,1984
Closure-147,test01,FAIL,PASS,YES,0,0,1,0,3084,1999
Closure-147,test02,FAIL,PASS,YES,0,0,1,0,2999,1895
Closure-147,test03,FAIL,PASS,YES,0,0,1,0,3160,1976
Closure-148,test01,FAIL,PASS,YES,0,0,1,0,3065,2052
Closure-148,test02,FAIL,PASS,YES,0,0,1,0,3025,1856
Closure-148,test03,FAIL,PASS,YES,0,0,1,0,3162,1853
Closure-148,test04,FAIL,PASS,YES,0,0,1,0,3396,1993
Closure-148,test05,FAIL,PASS,YES,0,0,1,0,3024,1793
Closure-148,test06,FAIL,PASS,YES,0,0,1,0,3053,1818
Closure-149,test01,FAIL,PASS,YES,0,0,1,0,3600,2613
Closure-150,test01,FAIL,PASS,YES,0,0,1,0,3071,2135
Closure-150,test02,FAIL,PASS,YES,0,0,1,0,2876,2008
Closure-151,test01,FAIL,PASS,YES,0,0,1,0,3070,2259
Closure-152,test01,FAIL,PASS,YES,0,0,1,0,3161,2139
Closure-152,test02,FAIL,PASS,YES,0,0,1,0,2959,1734
Closure-152,test03,FAIL,PASS,YES,0,0,1,0,3138,1822
Closure-153,test01,FAIL,PASS,YES,0,0,1,0,4321,2931
Closure-153,test02,FAIL,PASS,YES,0,0,1,0,4080,2890
Closure-154,test01,FAIL,PASS,YES,0,0,1,0,4393,3270
Closure-155,test01,FAIL,PASS,YES,0,0,1,0,4225,3313
Closure-155,test02,FAIL,PASS,YES,0,0,1,0,4092,3011
Closure-155,test03,FAIL,PASS,YES,0,0,1,0,4347,2819
Closure-155,test04,FAIL,PASS,YES,0,0,1,0,4302,2991
Closure-155,test05,FAIL,PASS,YES,0,0,1,0,4133,2895
Closure-155,test06,FAIL,PASS,YES,0,0,1,0,4153,2905
Closure-155,test07,FAIL,PASS,YES,0,0,1,0,4104,2916
Closure-156,test01,FAIL,PASS,YES,0,0,1,0,4208,3017
Closure-156,test02,FAIL,PASS,YES,0,0,1,0,4096,2949
Closure-157,test01,FAIL,PASS,YES,0,0,1,0,4403,3009
Closure-157,test02,FAIL,PASS,YES,0,0,1,0,4007,2858
Closure-157,test03,FAIL,PASS,YES,0,0,1,0,4177,2844
Closure-157,test04,FAIL,PASS,YES,0,0,1,0,4114,2853
Closure-157,test05,FAIL,PASS,YES,0,0,1,0,4287,3021
Closure-157,test06,FAIL,PASS,YES,0,0,1,0,4055,2839
Closure-157,test07,FAIL,PASS,YES,0,0,1,0,4293,2909
Closure-157,test08,FAIL,PASS,YES,0,0,1,0,4347,3096
Closure-157,test09,FAIL,PASS,YES,0,0,1,0,3982,2785
Closure-157,test10,FAIL,PASS,YES,0,0,1,0,4170,2792
Closure-157,test11,FAIL,PASS,YES,0,0,1,0,3993,2951
Closure-157,test12,FAIL,PASS,YES,0,0,1,0,4046,2883
Closure-158,test01,FAIL,PASS,YES,0,0,1,0,5272,3010
Closure-158,test02,FAIL,PASS,YES,0,0,1,0,4384,3433
Closure-159,test01,FAIL,PASS,YES,0,0,1,0,4264,3037
Closure-160,test01,FAIL,PASS,YES,0,0,1,0,4448,3195
Closure-161,test01,FAIL,PASS,YES,0,0,1,0,5612,4720
Closure-162,test01,FAIL,PASS,YES,0,0,1,0,5785,4708
Closure-163,test01,FAIL,PASS,YES,0,0,1,0,5377,4441
Closure-163,test02,FAIL,PASS,YES,0,0,1,0,5587,4639
Closure-163,test03,FAIL,PASS,YES,0,0,1,0,5747,4663
Closure-164,test01,FAIL,PASS,YES,0,0,1,0,5922,4841
Closure-164,test02,FAIL,PASS,YES,0,0,1,0,6156,6866
Closure-164,test03,FAIL,PASS,YES,0,0,1,0,6732,4494
Closure-165,test01,FAIL,PASS,YES,0,0,1,0,6032,4969
Closure-166,test01,FAIL,PASS,YES,0,0,1,0,5984,4763
Closure-166,test02,FAIL,PASS,YES,0,0,1,0,5797,4455
Closure-167,test01,FAIL,PASS,YES,0,0,1,0,5549,5537
Closure-167,test02,FAIL,PASS,YES,0,0,1,0,6121,4890
Closure-167,test03,FAIL,PASS,YES,0,0,1,0,7206,4407
Closure-168,test01,FAIL,PASS,YES,0,0,1,0,5482,5125
Closure-169,test01,FAIL,PASS,YES,0,0,1,0,6102,6346
Closure-169,test02,FAIL,PASS,YES,0,0,1,0,5238,4383
Closure-170,test01,FAIL,PASS,YES,0,0,1,0,6555,5442
Closure-171,test01,MISSING_CHECKOUT,MISSING_CHECKOUT,NO,,,,,,
Closure-171,test02,MISSING_CHECKOUT,MISSING_CHECKOUT,NO,,,,,,
Closure-171,test03,MISSING_CHECKOUT,MISSING_CHECKOUT,NO,,,,,,
Closure-172,test01,MISSING_CHECKOUT,MISSING_CHECKOUT,NO,,,,,,
Closure-173,test01,MISSING_CHECKOUT,MISSING_CHECKOUT,NO,,,,,,
Closure-173,test02,MISSING_CHECKOUT,MISSING_CHECKOUT,NO,,,,,,
Closure-173,test03,MISSING_CHECKOUT,MISSING_CHECKOUT,NO,,,,,,
Closure-174,test01,MISSING_CHECKOUT,MISSING_CHECKOUT,NO,,,,,,
Closure-174,test02,MISSING_CHECKOUT,MISSING_CHECKOUT,NO,,,,,,
Closure-174,test03,MISSING_CHECKOUT,MISSING_CHECKOUT,NO,,,,,,
Closure-175,test01,MISSING_CHECKOUT,MISSING_CHECKOUT,NO,,,,,,
Closure-175,test02,MISSING_CHECKOUT,MISSING_CHECKOUT,NO,,,,,,
Closure-175,test03,MISSING_CHECKOUT,MISSING_CHECKOUT,NO,,,,,,
Closure-175,test04,MISSING_CHECKOUT,MISSING_CHECKOUT,NO,,,,,,
Closure-175,test05,MISSING_CHECKOUT,MISSING_CHECKOUT,NO,,,,,,
Closure-176,test01,MISSING_CHECKOUT,MISSING_CHECKOUT,NO,,,,,,
