bug_id,algorithm,round,seed,candidate_count,missing_coverage_count,selected_count,detected,mean_selected_line_pct,mean_selected_condition_pct,fitness,generation_ms,execution_ms,status,coverage_source,selection_basis
Closure-1,SA,1,20260930,8,0,4,N/A,39.17,26.75,1.318500,10.287,N/A,SELECTED_FROM_AVAILABLE_COVERAGE,uploaded_coverage_snapshot,0.5*line_pct/100 + 0.5*condition_pct/100
Closure-2,SA,1,20260931,1,0,1,N/A,17.90,5.60,0.117500,0.019,N/A,SELECTED_FROM_AVAILABLE_COVERAGE,uploaded_coverage_snapshot,0.5*line_pct/100 + 0.5*condition_pct/100
Closure-3,SA,1,20260932,3,0,2,N/A,81.20,59.80,1.410000,7.330,N/A,SELECTED_FROM_AVAILABLE_COVERAGE,uploaded_coverage_snapshot,0.5*line_pct/100 + 0.5*condition_pct/100
Closure-4,SA,1,20260933,3,0,2,N/A,29.50,11.60,0.411000,6.569,N/A,SELECTED_FROM_AVAILABLE_COVERAGE,uploaded_coverage_snapshot,0.5*line_pct/100 + 0.5*condition_pct/100
Closure-5,SA,1,20260934,1,0,1,N/A,67.40,56.50,0.619500,0.014,N/A,SELECTED_FROM_AVAILABLE_COVERAGE,uploaded_coverage_snapshot,0.5*line_pct/100 + 0.5*condition_pct/100
Closure-6,SA,1,20260935,3,0,2,N/A,28.60,12.05,0.406500,7.563,N/A,SELECTED_FROM_AVAILABLE_COVERAGE,uploaded_coverage_snapshot,0.5*line_pct/100 + 0.5*condition_pct/100
Closure-7,SA,1,20260936,2,0,1,N/A,27.60,24.20,0.259000,9.286,N/A,SELECTED_FROM_AVAILABLE_COVERAGE,uploaded_coverage_snapshot,0.5*line_pct/100 + 0.5*condition_pct/100
Closure-8,SA,1,20260937,1,0,1,N/A,98.80,80.80,0.898000,0.015,N/A,SELECTED_FROM_AVAILABLE_COVERAGE,uploaded_coverage_snapshot,0.5*line_pct/100 + 0.5*condition_pct/100
Closure-9,SA,1,20260938,1,0,1,N/A,13.80,7.10,0.104500,0.013,N/A,SELECTED_FROM_AVAILABLE_COVERAGE,uploaded_coverage_snapshot,0.5*line_pct/100 + 0.5*condition_pct/100
Closure-10,SA,1,20260939,1,0,1,N/A,9.60,6.20,0.079000,0.031,N/A,SELECTED_FROM_AVAILABLE_COVERAGE,uploaded_coverage_snapshot,0.5*line_pct/100 + 0.5*condition_pct/100
Closure-11,SA,1,20260940,2,0,1,N/A,38.00,23.70,0.308500,7.561,N/A,SELECTED_FROM_AVAILABLE_COVERAGE,uploaded_coverage_snapshot,0.5*line_pct/100 + 0.5*condition_pct/100
Closure-12,SA,1,20260941,1,0,1,N/A,72.70,56.20,0.644500,0.021,N/A,SELECTED_FROM_AVAILABLE_COVERAGE,uploaded_coverage_snapshot,0.5*line_pct/100 + 0.5*condition_pct/100
Closure-13,SA,1,20260942,1,0,1,N/A,97.70,95.00,0.963500,0.016,N/A,SELECTED_FROM_AVAILABLE_COVERAGE,uploaded_coverage_snapshot,0.5*line_pct/100 + 0.5*condition_pct/100
Closure-14,SA,1,20260943,3,0,2,N/A,43.60,39.10,0.827000,8.165,N/A,SELECTED_FROM_AVAILABLE_COVERAGE,uploaded_coverage_snapshot,0.5*line_pct/100 + 0.5*condition_pct/100
Closure-15,SA,1,20260944,1,0,1,N/A,78.90,55.50,0.672000,0.015,N/A,SELECTED_FROM_AVAILABLE_COVERAGE,uploaded_coverage_snapshot,0.5*line_pct/100 + 0.5*condition_pct/100
Closure-16,SA,1,20260945,2,0,1,N/A,85.10,66.10,0.756000,7.802,N/A,SELECTED_FROM_AVAILABLE_COVERAGE,uploaded_coverage_snapshot,0.5*line_pct/100 + 0.5*condition_pct/100
Closure-17,SA,1,20260946,1,0,1,N/A,52.20,33.90,0.430500,0.016,N/A,SELECTED_FROM_AVAILABLE_COVERAGE,uploaded_coverage_snapshot,0.5*line_pct/100 + 0.5*condition_pct/100
Closure-18,SA,1,20260947,1,0,1,N/A,36.40,29.10,0.327500,0.014,N/A,SELECTED_FROM_AVAILABLE_COVERAGE,uploaded_coverage_snapshot,0.5*line_pct/100 + 0.5*condition_pct/100
Closure-19,SA,1,20260948,1,0,1,N/A,14.60,3.20,0.089000,0.015,N/A,SELECTED_FROM_AVAILABLE_COVERAGE,uploaded_coverage_snapshot,0.5*line_pct/100 + 0.5*condition_pct/100
Closure-20,SA,1,20260949,1,0,1,N/A,7.00,3.60,0.053000,0.015,N/A,SELECTED_FROM_AVAILABLE_COVERAGE,uploaded_coverage_snapshot,0.5*line_pct/100 + 0.5*condition_pct/100
Closure-21,SA,1,20260950,1,0,1,N/A,81.50,71.70,0.766000,0.013,N/A,SELECTED_FROM_AVAILABLE_COVERAGE,uploaded_coverage_snapshot,0.5*line_pct/100 + 0.5*condition_pct/100
Closure-22,SA,1,20260951,1,0,1,N/A,77.90,55.60,0.667500,0.013,N/A,SELECTED_FROM_AVAILABLE_COVERAGE,uploaded_coverage_snapshot,0.5*line_pct/100 + 0.5*condition_pct/100
Closure-23,SA,1,20260952,1,0,1,N/A,7.80,4.20,0.060000,0.014,N/A,SELECTED_FROM_AVAILABLE_COVERAGE,uploaded_coverage_snapshot,0.5*line_pct/100 + 0.5*condition_pct/100
Closure-24,SA,1,20260953,1,0,1,N/A,71.10,61.50,0.663000,0.016,N/A,SELECTED_FROM_AVAILABLE_COVERAGE,uploaded_coverage_snapshot,0.5*line_pct/100 + 0.5*condition_pct/100
Closure-25,SA,1,20260954,1,0,1,N/A,22.40,14.40,0.184000,0.013,N/A,SELECTED_FROM_AVAILABLE_COVERAGE,uploaded_coverage_snapshot,0.5*line_pct/100 + 0.5*condition_pct/100
Closure-26,SA,1,20260955,7,0,4,N/A,76.90,68.12,2.900500,9.059,N/A,SELECTED_FROM_AVAILABLE_COVERAGE,uploaded_coverage_snapshot,0.5*line_pct/100 + 0.5*condition_pct/100
Closure-27,SA,1,20260956,3,0,2,N/A,6.95,1.70,0.086500,8.073,N/A,SELECTED_FROM_AVAILABLE_COVERAGE,uploaded_coverage_snapshot,0.5*line_pct/100 + 0.5*condition_pct/100
Closure-28,SA,1,20260957,2,0,1,N/A,88.50,100.00,0.942500,9.199,N/A,SELECTED_FROM_AVAILABLE_COVERAGE,uploaded_coverage_snapshot,0.5*line_pct/100 + 0.5*condition_pct/100
Closure-29,SA,1,20260958,5,0,3,N/A,92.17,79.17,2.570000,8.867,N/A,SELECTED_FROM_AVAILABLE_COVERAGE,uploaded_coverage_snapshot,0.5*line_pct/100 + 0.5*condition_pct/100
Closure-30,SA,1,20260959,3,0,2,N/A,68.15,51.80,1.199500,7.810,N/A,SELECTED_FROM_AVAILABLE_COVERAGE,uploaded_coverage_snapshot,0.5*line_pct/100 + 0.5*condition_pct/100
Closure-31,SA,1,20260960,1,0,1,N/A,32.00,25.00,0.285000,0.015,N/A,SELECTED_FROM_AVAILABLE_COVERAGE,uploaded_coverage_snapshot,0.5*line_pct/100 + 0.5*condition_pct/100
Closure-32,SA,1,20260961,4,0,2,N/A,17.40,11.05,0.284500,7.384,N/A,SELECTED_FROM_AVAILABLE_COVERAGE,uploaded_coverage_snapshot,0.5*line_pct/100 + 0.5*condition_pct/100
Closure-33,SA,1,20260962,1,0,1,N/A,64.80,47.20,0.560000,0.013,N/A,SELECTED_FROM_AVAILABLE_COVERAGE,uploaded_coverage_snapshot,0.5*line_pct/100 + 0.5*condition_pct/100
Closure-34,SA,1,20260963,1,0,1,N/A,9.70,3.80,0.067500,0.011,N/A,SELECTED_FROM_AVAILABLE_COVERAGE,uploaded_coverage_snapshot,0.5*line_pct/100 + 0.5*condition_pct/100
Closure-35,SA,1,20260964,1,0,1,N/A,38.10,28.00,0.330500,0.011,N/A,SELECTED_FROM_AVAILABLE_COVERAGE,uploaded_coverage_snapshot,0.5*line_pct/100 + 0.5*condition_pct/100
Closure-36,SA,1,20260965,1,0,1,N/A,52.20,42.70,0.474500,0.013,N/A,SELECTED_FROM_AVAILABLE_COVERAGE,uploaded_coverage_snapshot,0.5*line_pct/100 + 0.5*condition_pct/100
Closure-37,SA,1,20260966,1,0,1,N/A,35.20,23.40,0.293000,0.016,N/A,SELECTED_FROM_AVAILABLE_COVERAGE,uploaded_coverage_snapshot,0.5*line_pct/100 + 0.5*condition_pct/100
Closure-38,SA,1,20260967,1,0,1,N/A,41.10,37.50,0.393000,0.027,N/A,SELECTED_FROM_AVAILABLE_COVERAGE,uploaded_coverage_snapshot,0.5*line_pct/100 + 0.5*condition_pct/100
Closure-39,SA,1,20260968,2,0,1,N/A,44.40,29.80,0.371000,8.058,N/A,SELECTED_FROM_AVAILABLE_COVERAGE,uploaded_coverage_snapshot,0.5*line_pct/100 + 0.5*condition_pct/100
Closure-40,SA,1,20260969,2,0,1,N/A,50.60,42.00,0.463000,7.842,N/A,SELECTED_FROM_AVAILABLE_COVERAGE,uploaded_coverage_snapshot,0.5*line_pct/100 + 0.5*condition_pct/100
Closure-41,SA,1,20260970,3,0,2,N/A,62.50,43.55,1.060500,7.887,N/A,SELECTED_FROM_AVAILABLE_COVERAGE,uploaded_coverage_snapshot,0.5*line_pct/100 + 0.5*condition_pct/100
Closure-42,SA,1,20260971,1,0,1,N/A,29.60,16.50,0.230500,0.015,N/A,SELECTED_FROM_AVAILABLE_COVERAGE,uploaded_coverage_snapshot,0.5*line_pct/100 + 0.5*condition_pct/100
Closure-43,SA,1,20260972,2,0,1,N/A,57.10,36.90,0.470000,7.277,N/A,SELECTED_FROM_AVAILABLE_COVERAGE,uploaded_coverage_snapshot,0.5*line_pct/100 + 0.5*condition_pct/100
Closure-44,SA,1,20260973,1,0,1,N/A,34.90,28.30,0.316000,0.014,N/A,SELECTED_FROM_AVAILABLE_COVERAGE,uploaded_coverage_snapshot,0.5*line_pct/100 + 0.5*condition_pct/100
Closure-45,SA,1,20260974,0,0,0,N/A,N/A,N/A,N/A,N/A,N/A,NO_COVERAGE_DATA,uploaded_coverage_snapshot,0.5*line_pct/100 + 0.5*condition_pct/100
Closure-46,SA,1,20260975,3,0,2,N/A,54.15,40.00,0.941500,8.122,N/A,SELECTED_FROM_AVAILABLE_COVERAGE,uploaded_coverage_snapshot,0.5*line_pct/100 + 0.5*condition_pct/100
Closure-47,SA,1,20260976,0,2,0,N/A,N/A,N/A,N/A,N/A,N/A,NO_COVERAGE_DATA,uploaded_coverage_snapshot,0.5*line_pct/100 + 0.5*condition_pct/100
Closure-48,SA,1,20260977,1,0,1,N/A,54.40,35.90,0.451500,0.015,N/A,SELECTED_FROM_AVAILABLE_COVERAGE,uploaded_coverage_snapshot,0.5*line_pct/100 + 0.5*condition_pct/100
Closure-49,SA,1,20260978,66,0,33,N/A,55.52,49.51,17.329500,27.019,N/A,SELECTED_FROM_AVAILABLE_COVERAGE,uploaded_coverage_snapshot,0.5*line_pct/100 + 0.5*condition_pct/100
Closure-50,SA,1,20260979,2,0,1,N/A,26.60,15.50,0.210500,7.815,N/A,SELECTED_FROM_AVAILABLE_COVERAGE,uploaded_coverage_snapshot,0.5*line_pct/100 + 0.5*condition_pct/100
Closure-51,SA,1,20260980,1,0,1,N/A,45.40,35.20,0.403000,0.018,N/A,SELECTED_FROM_AVAILABLE_COVERAGE,uploaded_coverage_snapshot,0.5*line_pct/100 + 0.5*condition_pct/100
Closure-52,SA,1,20260981,1,0,1,N/A,16.10,11.30,0.137000,0.012,N/A,SELECTED_FROM_AVAILABLE_COVERAGE,uploaded_coverage_snapshot,0.5*line_pct/100 + 0.5*condition_pct/100
Closure-53,SA,1,20260982,1,0,1,N/A,58.80,50.00,0.544000,0.013,N/A,SELECTED_FROM_AVAILABLE_COVERAGE,uploaded_coverage_snapshot,0.5*line_pct/100 + 0.5*condition_pct/100
Closure-54,SA,1,20260983,3,0,2,N/A,52.40,34.40,0.868000,7.750,N/A,SELECTED_FROM_AVAILABLE_COVERAGE,uploaded_coverage_snapshot,0.5*line_pct/100 + 0.5*condition_pct/100
Closure-55,SA,1,20260984,1,0,1,N/A,71.20,55.10,0.631500,0.014,N/A,SELECTED_FROM_AVAILABLE_COVERAGE,uploaded_coverage_snapshot,0.5*line_pct/100 + 0.5*condition_pct/100
Closure-56,SA,1,20260985,3,0,2,N/A,29.95,15.65,0.456000,8.127,N/A,SELECTED_FROM_AVAILABLE_COVERAGE,uploaded_coverage_snapshot,0.5*line_pct/100 + 0.5*condition_pct/100
Closure-57,SA,1,20260986,1,0,1,N/A,10.10,5.00,0.075500,0.014,N/A,SELECTED_FROM_AVAILABLE_COVERAGE,uploaded_coverage_snapshot,0.5*line_pct/100 + 0.5*condition_pct/100
Closure-58,SA,1,20260987,1,0,1,N/A,42.30,21.20,0.317500,0.013,N/A,SELECTED_FROM_AVAILABLE_COVERAGE,uploaded_coverage_snapshot,0.5*line_pct/100 + 0.5*condition_pct/100
Closure-59,SA,1,20260988,1,0,1,N/A,32.40,27.00,0.297000,0.013,N/A,SELECTED_FROM_AVAILABLE_COVERAGE,uploaded_coverage_snapshot,0.5*line_pct/100 + 0.5*condition_pct/100
Closure-60,SA,1,20260989,2,0,1,N/A,15.50,12.40,0.139500,7.333,N/A,SELECTED_FROM_AVAILABLE_COVERAGE,uploaded_coverage_snapshot,0.5*line_pct/100 + 0.5*condition_pct/100
Closure-61,SA,1,20260990,3,0,2,N/A,6.45,3.40,0.098500,8.387,N/A,SELECTED_FROM_AVAILABLE_COVERAGE,uploaded_coverage_snapshot,0.5*line_pct/100 + 0.5*condition_pct/100
Closure-62,SA,1,20260991,2,0,1,N/A,41.90,25.00,0.334500,6.784,N/A,SELECTED_FROM_AVAILABLE_COVERAGE,uploaded_coverage_snapshot,0.5*line_pct/100 + 0.5*condition_pct/100
Closure-63,SA,1,20260992,0,0,0,N/A,N/A,N/A,N/A,N/A,N/A,NO_COVERAGE_DATA,uploaded_coverage_snapshot,0.5*line_pct/100 + 0.5*condition_pct/100
Closure-64,SA,1,20260993,1,0,1,N/A,32.90,26.90,0.299000,0.017,N/A,SELECTED_FROM_AVAILABLE_COVERAGE,uploaded_coverage_snapshot,0.5*line_pct/100 + 0.5*condition_pct/100
Closure-65,SA,1,20260994,1,0,1,N/A,15.60,9.30,0.124500,0.013,N/A,SELECTED_FROM_AVAILABLE_COVERAGE,uploaded_coverage_snapshot,0.5*line_pct/100 + 0.5*condition_pct/100
Closure-66,SA,1,20260995,2,0,1,N/A,26.00,12.00,0.190000,9.208,N/A,SELECTED_FROM_AVAILABLE_COVERAGE,uploaded_coverage_snapshot,0.5*line_pct/100 + 0.5*condition_pct/100
Closure-67,SA,1,20260996,1,0,1,N/A,72.20,55.20,0.637000,0.017,N/A,SELECTED_FROM_AVAILABLE_COVERAGE,uploaded_coverage_snapshot,0.5*line_pct/100 + 0.5*condition_pct/100
Closure-68,SA,1,20260997,1,0,1,N/A,11.60,6.60,0.091000,0.013,N/A,SELECTED_FROM_AVAILABLE_COVERAGE,uploaded_coverage_snapshot,0.5*line_pct/100 + 0.5*condition_pct/100
Closure-69,SA,1,20260998,3,0,2,N/A,43.40,25.85,0.692500,7.408,N/A,SELECTED_FROM_AVAILABLE_COVERAGE,uploaded_coverage_snapshot,0.5*line_pct/100 + 0.5*condition_pct/100
Closure-70,SA,1,20260999,5,0,3,N/A,41.93,25.77,1.015500,9.331,N/A,SELECTED_FROM_AVAILABLE_COVERAGE,uploaded_coverage_snapshot,0.5*line_pct/100 + 0.5*condition_pct/100
Closure-71,SA,1,20261000,2,0,1,N/A,60.70,39.20,0.499500,7.714,N/A,SELECTED_FROM_AVAILABLE_COVERAGE,uploaded_coverage_snapshot,0.5*line_pct/100 + 0.5*condition_pct/100
Closure-72,SA,1,20261001,1,0,1,N/A,15.30,8.90,0.121000,0.016,N/A,SELECTED_FROM_AVAILABLE_COVERAGE,uploaded_coverage_snapshot,0.5*line_pct/100 + 0.5*condition_pct/100
Closure-73,SA,1,20261002,1,0,1,N/A,16.90,10.20,0.135500,0.029,N/A,SELECTED_FROM_AVAILABLE_COVERAGE,uploaded_coverage_snapshot,0.5*line_pct/100 + 0.5*condition_pct/100
Closure-74,SA,1,20261003,3,0,2,N/A,16.20,15.90,0.321000,7.963,N/A,SELECTED_FROM_AVAILABLE_COVERAGE,uploaded_coverage_snapshot,0.5*line_pct/100 + 0.5*condition_pct/100
Closure-75,SA,1,20261004,1,0,1,N/A,6.00,2.80,0.044000,0.017,N/A,SELECTED_FROM_AVAILABLE_COVERAGE,uploaded_coverage_snapshot,0.5*line_pct/100 + 0.5*condition_pct/100
Closure-76,SA,1,20261005,4,0,2,N/A,68.70,52.20,1.209000,8.290,N/A,SELECTED_FROM_AVAILABLE_COVERAGE,uploaded_coverage_snapshot,0.5*line_pct/100 + 0.5*condition_pct/100
Closure-77,SA,1,20261006,1,0,1,N/A,17.30,10.10,0.137000,0.017,N/A,SELECTED_FROM_AVAILABLE_COVERAGE,uploaded_coverage_snapshot,0.5*line_pct/100 + 0.5*condition_pct/100
Closure-78,SA,1,20261007,1,0,1,N/A,13.00,9.50,0.112500,0.013,N/A,SELECTED_FROM_AVAILABLE_COVERAGE,uploaded_coverage_snapshot,0.5*line_pct/100 + 0.5*condition_pct/100
Closure-79,SA,1,20261008,5,0,3,N/A,18.70,13.17,0.478000,8.421,N/A,SELECTED_FROM_AVAILABLE_COVERAGE,uploaded_coverage_snapshot,0.5*line_pct/100 + 0.5*condition_pct/100
Closure-80,SA,1,20261009,2,0,1,N/A,7.70,7.40,0.075500,7.415,N/A,SELECTED_FROM_AVAILABLE_COVERAGE,uploaded_coverage_snapshot,0.5*line_pct/100 + 0.5*condition_pct/100
Closure-81,SA,1,20261010,1,0,1,N/A,16.50,7.20,0.118500,0.016,N/A,SELECTED_FROM_AVAILABLE_COVERAGE,uploaded_coverage_snapshot,0.5*line_pct/100 + 0.5*condition_pct/100
Closure-82,SA,1,20261011,2,0,1,N/A,36.50,28.80,0.326500,7.356,N/A,SELECTED_FROM_AVAILABLE_COVERAGE,uploaded_coverage_snapshot,0.5*line_pct/100 + 0.5*condition_pct/100
Closure-83,SA,1,20261012,1,0,1,N/A,44.10,13.90,0.290000,0.015,N/A,SELECTED_FROM_AVAILABLE_COVERAGE,uploaded_coverage_snapshot,0.5*line_pct/100 + 0.5*condition_pct/100
Closure-84,SA,1,20261013,1,0,1,N/A,18.30,8.20,0.132500,0.012,N/A,SELECTED_FROM_AVAILABLE_COVERAGE,uploaded_coverage_snapshot,0.5*line_pct/100 + 0.5*condition_pct/100
Closure-85,SA,1,20261014,2,0,1,N/A,82.10,51.80,0.669500,8.567,N/A,SELECTED_FROM_AVAILABLE_COVERAGE,uploaded_coverage_snapshot,0.5*line_pct/100 + 0.5*condition_pct/100
Closure-86,SA,1,20261015,7,0,4,N/A,16.20,14.72,0.618500,9.431,N/A,SELECTED_FROM_AVAILABLE_COVERAGE,uploaded_coverage_snapshot,0.5*line_pct/100 + 0.5*condition_pct/100
Closure-87,SA,1,20261016,1,0,1,N/A,17.40,9.40,0.134000,0.019,N/A,SELECTED_FROM_AVAILABLE_COVERAGE,uploaded_coverage_snapshot,0.5*line_pct/100 + 0.5*condition_pct/100
Closure-88,SA,1,20261017,7,0,4,N/A,69.33,48.50,2.356500,8.495,N/A,SELECTED_FROM_AVAILABLE_COVERAGE,uploaded_coverage_snapshot,0.5*line_pct/100 + 0.5*condition_pct/100
Closure-89,SA,1,20261018,8,0,4,N/A,57.52,41.12,1.973000,10.024,N/A,SELECTED_FROM_AVAILABLE_COVERAGE,uploaded_coverage_snapshot,0.5*line_pct/100 + 0.5*condition_pct/100
Closure-90,SA,1,20261019,2,0,1,N/A,45.10,29.30,0.372000,8.589,N/A,SELECTED_FROM_AVAILABLE_COVERAGE,uploaded_coverage_snapshot,0.5*line_pct/100 + 0.5*condition_pct/100
Closure-91,SA,1,20261020,1,0,1,N/A,52.90,36.40,0.446500,0.018,N/A,SELECTED_FROM_AVAILABLE_COVERAGE,uploaded_coverage_snapshot,0.5*line_pct/100 + 0.5*condition_pct/100
Closure-92,SA,1,20261021,1,0,1,N/A,39.60,24.80,0.322000,0.013,N/A,SELECTED_FROM_AVAILABLE_COVERAGE,uploaded_coverage_snapshot,0.5*line_pct/100 + 0.5*condition_pct/100
Closure-93,SA,1,20261022,0,0,0,N/A,N/A,N/A,N/A,N/A,N/A,NO_COVERAGE_DATA,uploaded_coverage_snapshot,0.5*line_pct/100 + 0.5*condition_pct/100
Closure-94,SA,1,20261023,3,0,2,N/A,4.40,2.30,0.067000,9.012,N/A,SELECTED_FROM_AVAILABLE_COVERAGE,uploaded_coverage_snapshot,0.5*line_pct/100 + 0.5*condition_pct/100
Closure-95,SA,1,20261024,2,0,1,N/A,54.90,35.50,0.452000,7.286,N/A,SELECTED_FROM_AVAILABLE_COVERAGE,uploaded_coverage_snapshot,0.5*line_pct/100 + 0.5*condition_pct/100
Closure-96,SA,1,20261025,1,0,1,N/A,33.70,18.20,0.259500,0.019,N/A,SELECTED_FROM_AVAILABLE_COVERAGE,uploaded_coverage_snapshot,0.5*line_pct/100 + 0.5*condition_pct/100
Closure-97,SA,1,20261026,1,0,1,N/A,8.60,4.60,0.066000,0.013,N/A,SELECTED_FROM_AVAILABLE_COVERAGE,uploaded_coverage_snapshot,0.5*line_pct/100 + 0.5*condition_pct/100
Closure-98,SA,1,20261027,1,0,1,N/A,69.60,48.80,0.592000,0.011,N/A,SELECTED_FROM_AVAILABLE_COVERAGE,uploaded_coverage_snapshot,0.5*line_pct/100 + 0.5*condition_pct/100
Closure-99,SA,1,20261028,3,0,2,N/A,63.80,39.70,1.035000,7.884,N/A,SELECTED_FROM_AVAILABLE_COVERAGE,uploaded_coverage_snapshot,0.5*line_pct/100 + 0.5*condition_pct/100
Closure-100,SA,1,20261029,9,0,5,N/A,80.46,55.46,3.398000,9.227,N/A,SELECTED_FROM_AVAILABLE_COVERAGE,uploaded_coverage_snapshot,0.5*line_pct/100 + 0.5*condition_pct/100
Closure-101,SA,1,20261030,1,0,1,N/A,71.50,44.00,0.577500,0.018,N/A,SELECTED_FROM_AVAILABLE_COVERAGE,uploaded_coverage_snapshot,0.5*line_pct/100 + 0.5*condition_pct/100
Closure-102,SA,1,20261031,1,0,1,N/A,40.30,30.30,0.353000,0.028,N/A,SELECTED_FROM_AVAILABLE_COVERAGE,uploaded_coverage_snapshot,0.5*line_pct/100 + 0.5*condition_pct/100
Closure-103,SA,1,20261032,3,0,2,N/A,28.90,22.00,0.509000,7.943,N/A,SELECTED_FROM_AVAILABLE_COVERAGE,uploaded_coverage_snapshot,0.5*line_pct/100 + 0.5*condition_pct/100
Closure-104,SA,1,20261033,1,0,1,N/A,10.40,8.90,0.096500,0.015,N/A,SELECTED_FROM_AVAILABLE_COVERAGE,uploaded_coverage_snapshot,0.5*line_pct/100 + 0.5*condition_pct/100
Closure-105,SA,1,20261034,1,0,1,N/A,6.50,9.10,0.078000,0.031,N/A,SELECTED_FROM_AVAILABLE_COVERAGE,uploaded_coverage_snapshot,0.5*line_pct/100 + 0.5*condition_pct/100
Closure-106,SA,1,20261035,4,0,2,N/A,38.65,26.20,0.648500,7.758,N/A,SELECTED_FROM_AVAILABLE_COVERAGE,uploaded_coverage_snapshot,0.5*line_pct/100 + 0.5*condition_pct/100
Closure-107,SA,1,20261036,1,0,1,N/A,58.70,34.30,0.465000,0.022,N/A,SELECTED_FROM_AVAILABLE_COVERAGE,uploaded_coverage_snapshot,0.5*line_pct/100 + 0.5*condition_pct/100
Closure-108,SA,1,20261037,1,0,1,N/A,71.00,50.70,0.608500,0.083,N/A,SELECTED_FROM_AVAILABLE_COVERAGE,uploaded_coverage_snapshot,0.5*line_pct/100 + 0.5*condition_pct/100
Closure-109,SA,1,20261038,2,0,1,N/A,11.40,6.20,0.088000,7.522,N/A,SELECTED_FROM_AVAILABLE_COVERAGE,uploaded_coverage_snapshot,0.5*line_pct/100 + 0.5*condition_pct/100
Closure-110,SA,1,20261039,2,0,1,N/A,29.40,24.00,0.267000,6.954,N/A,SELECTED_FROM_AVAILABLE_COVERAGE,uploaded_coverage_snapshot,0.5*line_pct/100 + 0.5*condition_pct/100
Closure-111,SA,1,20261040,1,0,1,N/A,61.70,23.90,0.428000,0.017,N/A,SELECTED_FROM_AVAILABLE_COVERAGE,uploaded_coverage_snapshot,0.5*line_pct/100 + 0.5*condition_pct/100
Closure-112,SA,1,20261041,2,0,1,N/A,48.10,28.20,0.381500,7.096,N/A,SELECTED_FROM_AVAILABLE_COVERAGE,uploaded_coverage_snapshot,0.5*line_pct/100 + 0.5*condition_pct/100
Closure-113,SA,1,20261042,0,0,0,N/A,N/A,N/A,N/A,N/A,N/A,NO_COVERAGE_DATA,uploaded_coverage_snapshot,0.5*line_pct/100 + 0.5*condition_pct/100
Closure-114,SA,1,20261043,1,0,1,N/A,47.00,36.80,0.419000,0.043,N/A,SELECTED_FROM_AVAILABLE_COVERAGE,uploaded_coverage_snapshot,0.5*line_pct/100 + 0.5*condition_pct/100
Closure-115,SA,1,20261044,7,0,4,N/A,68.72,41.35,2.201500,9.004,N/A,SELECTED_FROM_AVAILABLE_COVERAGE,uploaded_coverage_snapshot,0.5*line_pct/100 + 0.5*condition_pct/100
Closure-116,SA,1,20261045,8,0,4,N/A,45.05,26.82,1.437500,9.630,N/A,SELECTED_FROM_AVAILABLE_COVERAGE,uploaded_coverage_snapshot,0.5*line_pct/100 + 0.5*condition_pct/100
Closure-117,SA,1,20261046,1,0,1,N/A,23.70,11.10,0.174000,0.019,N/A,SELECTED_FROM_AVAILABLE_COVERAGE,uploaded_coverage_snapshot,0.5*line_pct/100 + 0.5*condition_pct/100
Closure-118,SA,1,20261047,2,0,1,N/A,45.70,32.20,0.389500,7.090,N/A,SELECTED_FROM_AVAILABLE_COVERAGE,uploaded_coverage_snapshot,0.5*line_pct/100 + 0.5*condition_pct/100
Closure-119,SA,1,20261048,1,0,1,N/A,42.70,24.00,0.333500,0.016,N/A,SELECTED_FROM_AVAILABLE_COVERAGE,uploaded_coverage_snapshot,0.5*line_pct/100 + 0.5*condition_pct/100
Closure-120,SA,1,20261049,1,0,1,N/A,72.00,56.40,0.642000,0.039,N/A,SELECTED_FROM_AVAILABLE_COVERAGE,uploaded_coverage_snapshot,0.5*line_pct/100 + 0.5*condition_pct/100
Closure-121,SA,1,20261050,1,0,1,N/A,59.60,41.50,0.505500,0.012,N/A,SELECTED_FROM_AVAILABLE_COVERAGE,uploaded_coverage_snapshot,0.5*line_pct/100 + 0.5*condition_pct/100
Closure-122,SA,1,20261051,3,0,2,N/A,14.80,8.90,0.237000,6.355,N/A,SELECTED_FROM_AVAILABLE_COVERAGE,uploaded_coverage_snapshot,0.5*line_pct/100 + 0.5*condition_pct/100
Closure-123,SA,1,20261052,1,0,1,N/A,36.30,28.70,0.325000,0.041,N/A,SELECTED_FROM_AVAILABLE_COVERAGE,uploaded_coverage_snapshot,0.5*line_pct/100 + 0.5*condition_pct/100
Closure-124,SA,1,20261053,1,0,1,N/A,63.70,43.90,0.538000,0.011,N/A,SELECTED_FROM_AVAILABLE_COVERAGE,uploaded_coverage_snapshot,0.5*line_pct/100 + 0.5*condition_pct/100
Closure-125,SA,1,20261054,1,0,1,N/A,37.30,21.40,0.293500,0.012,N/A,SELECTED_FROM_AVAILABLE_COVERAGE,uploaded_coverage_snapshot,0.5*line_pct/100 + 0.5*condition_pct/100
Closure-126,SA,1,20261055,2,0,1,N/A,79.40,68.10,0.737500,7.258,N/A,SELECTED_FROM_AVAILABLE_COVERAGE,uploaded_coverage_snapshot,0.5*line_pct/100 + 0.5*condition_pct/100
Closure-127,SA,1,20261056,6,0,3,N/A,79.23,50.73,1.949500,7.947,N/A,SELECTED_FROM_AVAILABLE_COVERAGE,uploaded_coverage_snapshot,0.5*line_pct/100 + 0.5*condition_pct/100
Closure-128,SA,1,20261057,1,0,1,N/A,19.30,13.60,0.164500,0.015,N/A,SELECTED_FROM_AVAILABLE_COVERAGE,uploaded_coverage_snapshot,0.5*line_pct/100 + 0.5*condition_pct/100
Closure-129,SA,1,20261058,1,0,1,N/A,41.70,25.50,0.336000,0.011,N/A,SELECTED_FROM_AVAILABLE_COVERAGE,uploaded_coverage_snapshot,0.5*line_pct/100 + 0.5*condition_pct/100
Closure-130,SA,1,20261059,1,0,1,N/A,24.00,16.30,0.201500,0.012,N/A,SELECTED_FROM_AVAILABLE_COVERAGE,uploaded_coverage_snapshot,0.5*line_pct/100 + 0.5*condition_pct/100
Closure-131,SA,1,20261060,2,0,1,N/A,18.60,10.90,0.147500,7.507,N/A,SELECTED_FROM_AVAILABLE_COVERAGE,uploaded_coverage_snapshot,0.5*line_pct/100 + 0.5*condition_pct/100
Closure-132,SA,1,20261061,1,0,1,N/A,12.30,6.00,0.091500,0.016,N/A,SELECTED_FROM_AVAILABLE_COVERAGE,uploaded_coverage_snapshot,0.5*line_pct/100 + 0.5*condition_pct/100
Closure-133,SA,1,20261062,1,0,1,N/A,16.30,10.10,0.132000,0.030,N/A,SELECTED_FROM_AVAILABLE_COVERAGE,uploaded_coverage_snapshot,0.5*line_pct/100 + 0.5*condition_pct/100
Closure-134,SA,1,20261063,2,0,1,N/A,62.90,42.00,0.524500,7.163,N/A,SELECTED_FROM_AVAILABLE_COVERAGE,uploaded_coverage_snapshot,0.5*line_pct/100 + 0.5*condition_pct/100
Closure-135,SA,1,20261064,2,0,1,N/A,33.30,21.10,0.272000,7.613,N/A,SELECTED_FROM_AVAILABLE_COVERAGE,uploaded_coverage_snapshot,0.5*line_pct/100 + 0.5*condition_pct/100
Closure-136,SA,1,20261065,4,0,2,N/A,41.70,30.40,0.721000,8.015,N/A,SELECTED_FROM_AVAILABLE_COVERAGE,uploaded_coverage_snapshot,0.5*line_pct/100 + 0.5*condition_pct/100
Closure-137,SA,1,20261066,5,0,3,N/A,14.50,9.77,0.364000,14.438,N/A,SELECTED_FROM_AVAILABLE_COVERAGE,uploaded_coverage_snapshot,0.5*line_pct/100 + 0.5*condition_pct/100
Closure-138,SA,1,20261067,5,0,3,N/A,22.67,16.27,0.584000,8.069,N/A,SELECTED_FROM_AVAILABLE_COVERAGE,uploaded_coverage_snapshot,0.5*line_pct/100 + 0.5*condition_pct/100
Closure-139,SA,1,20261068,3,0,2,N/A,46.20,34.65,0.808500,7.583,N/A,SELECTED_FROM_AVAILABLE_COVERAGE,uploaded_coverage_snapshot,0.5*line_pct/100 + 0.5*condition_pct/100
Closure-140,SA,1,20261069,1,0,1,N/A,17.00,12.70,0.148500,0.020,N/A,SELECTED_FROM_AVAILABLE_COVERAGE,uploaded_coverage_snapshot,0.5*line_pct/100 + 0.5*condition_pct/100
Closure-141,SA,1,20261070,8,0,4,N/A,30.95,23.77,1.094500,9.097,N/A,SELECTED_FROM_AVAILABLE_COVERAGE,uploaded_coverage_snapshot,0.5*line_pct/100 + 0.5*condition_pct/100
Closure-142,SA,1,20261071,2,0,1,N/A,12.90,14.80,0.138500,7.793,N/A,SELECTED_FROM_AVAILABLE_COVERAGE,uploaded_coverage_snapshot,0.5*line_pct/100 + 0.5*condition_pct/100
Closure-143,SA,1,20261072,0,3,0,N/A,N/A,N/A,N/A,N/A,N/A,NO_COVERAGE_DATA,uploaded_coverage_snapshot,0.5*line_pct/100 + 0.5*condition_pct/100
Closure-144,SA,1,20261073,84,0,42,N/A,53.39,37.69,19.127000,31.161,N/A,SELECTED_FROM_AVAILABLE_COVERAGE,uploaded_coverage_snapshot,0.5*line_pct/100 + 0.5*condition_pct/100
Closure-145,SA,1,20261074,2,0,1,N/A,28.10,21.50,0.248000,7.036,N/A,SELECTED_FROM_AVAILABLE_COVERAGE,uploaded_coverage_snapshot,0.5*line_pct/100 + 0.5*condition_pct/100
Closure-146,SA,1,20261075,1,0,1,N/A,22.10,19.70,0.209000,0.023,N/A,SELECTED_FROM_AVAILABLE_COVERAGE,uploaded_coverage_snapshot,0.5*line_pct/100 + 0.5*condition_pct/100
Closure-147,SA,1,20261076,3,0,2,N/A,22.60,12.15,0.347500,6.923,N/A,SELECTED_FROM_AVAILABLE_COVERAGE,uploaded_coverage_snapshot,0.5*line_pct/100 + 0.5*condition_pct/100
Closure-148,SA,1,20261077,6,0,3,N/A,18.73,9.50,0.423500,8.122,N/A,SELECTED_FROM_AVAILABLE_COVERAGE,uploaded_coverage_snapshot,0.5*line_pct/100 + 0.5*condition_pct/100
Closure-149,SA,1,20261078,1,0,1,N/A,37.00,15.20,0.261000,0.019,N/A,SELECTED_FROM_AVAILABLE_COVERAGE,uploaded_coverage_snapshot,0.5*line_pct/100 + 0.5*condition_pct/100
Closure-150,SA,1,20261079,2,0,1,N/A,37.60,20.70,0.291500,6.818,N/A,SELECTED_FROM_AVAILABLE_COVERAGE,uploaded_coverage_snapshot,0.5*line_pct/100 + 0.5*condition_pct/100
Closure-151,SA,1,20261080,1,0,1,N/A,44.00,11.80,0.279000,0.014,N/A,SELECTED_FROM_AVAILABLE_COVERAGE,uploaded_coverage_snapshot,0.5*line_pct/100 + 0.5*condition_pct/100
Closure-152,SA,1,20261081,3,0,2,N/A,23.60,14.90,0.385000,6.222,N/A,SELECTED_FROM_AVAILABLE_COVERAGE,uploaded_coverage_snapshot,0.5*line_pct/100 + 0.5*condition_pct/100
Closure-153,SA,1,20261082,2,0,1,N/A,52.40,40.90,0.466500,7.352,N/A,SELECTED_FROM_AVAILABLE_COVERAGE,uploaded_coverage_snapshot,0.5*line_pct/100 + 0.5*condition_pct/100
Closure-154,SA,1,20261083,1,0,1,N/A,35.50,19.80,0.276500,0.016,N/A,SELECTED_FROM_AVAILABLE_COVERAGE,uploaded_coverage_snapshot,0.5*line_pct/100 + 0.5*condition_pct/100
Closure-155,SA,1,20261084,7,0,4,N/A,52.12,35.80,1.758500,8.996,N/A,SELECTED_FROM_AVAILABLE_COVERAGE,uploaded_coverage_snapshot,0.5*line_pct/100 + 0.5*condition_pct/100
Closure-156,SA,1,20261085,2,0,1,N/A,37.60,34.20,0.359000,7.064,N/A,SELECTED_FROM_AVAILABLE_COVERAGE,uploaded_coverage_snapshot,0.5*line_pct/100 + 0.5*condition_pct/100
Closure-157,SA,1,20261086,0,12,0,N/A,N/A,N/A,N/A,N/A,N/A,NO_COVERAGE_DATA,uploaded_coverage_snapshot,0.5*line_pct/100 + 0.5*condition_pct/100
Closure-158,SA,1,20261087,0,2,0,N/A,N/A,N/A,N/A,N/A,N/A,NO_COVERAGE_DATA,uploaded_coverage_snapshot,0.5*line_pct/100 + 0.5*condition_pct/100
Closure-159,SA,1,20261088,1,0,1,N/A,77.50,53.20,0.653500,0.074,N/A,SELECTED_FROM_AVAILABLE_COVERAGE,uploaded_coverage_snapshot,0.5*line_pct/100 + 0.5*condition_pct/100
Closure-160,SA,1,20261089,1,0,1,N/A,32.70,26.70,0.297000,0.013,N/A,SELECTED_FROM_AVAILABLE_COVERAGE,uploaded_coverage_snapshot,0.5*line_pct/100 + 0.5*condition_pct/100
Closure-161,SA,1,20261090,1,0,1,N/A,6.90,3.60,0.052500,0.012,N/A,SELECTED_FROM_AVAILABLE_COVERAGE,uploaded_coverage_snapshot,0.5*line_pct/100 + 0.5*condition_pct/100
Closure-162,SA,1,20261091,0,1,0,N/A,N/A,N/A,N/A,N/A,N/A,NO_COVERAGE_DATA,uploaded_coverage_snapshot,0.5*line_pct/100 + 0.5*condition_pct/100
Closure-163,SA,1,20261092,3,0,2,N/A,89.80,73.70,1.635000,7.413,N/A,SELECTED_FROM_AVAILABLE_COVERAGE,uploaded_coverage_snapshot,0.5*line_pct/100 + 0.5*condition_pct/100
Closure-164,SA,1,20261093,3,0,2,N/A,58.40,42.10,1.005000,8.884,N/A,SELECTED_FROM_AVAILABLE_COVERAGE,uploaded_coverage_snapshot,0.5*line_pct/100 + 0.5*condition_pct/100
Closure-165,SA,1,20261094,1,0,1,N/A,61.90,42.90,0.524000,0.016,N/A,SELECTED_FROM_AVAILABLE_COVERAGE,uploaded_coverage_snapshot,0.5*line_pct/100 + 0.5*condition_pct/100
Closure-166,SA,1,20261095,2,0,1,N/A,41.80,27.50,0.346500,8.517,N/A,SELECTED_FROM_AVAILABLE_COVERAGE,uploaded_coverage_snapshot,0.5*line_pct/100 + 0.5*condition_pct/100
Closure-167,SA,1,20261096,3,0,2,N/A,23.95,14.10,0.380500,7.334,N/A,SELECTED_FROM_AVAILABLE_COVERAGE,uploaded_coverage_snapshot,0.5*line_pct/100 + 0.5*condition_pct/100
Closure-168,SA,1,20261097,1,0,1,N/A,49.50,32.30,0.409000,0.014,N/A,SELECTED_FROM_AVAILABLE_COVERAGE,uploaded_coverage_snapshot,0.5*line_pct/100 + 0.5*condition_pct/100
Closure-169,SA,1,20261098,2,0,1,N/A,25.30,18.00,0.216500,7.722,N/A,SELECTED_FROM_AVAILABLE_COVERAGE,uploaded_coverage_snapshot,0.5*line_pct/100 + 0.5*condition_pct/100
Closure-170,SA,1,20261099,1,0,1,N/A,71.50,50.80,0.611500,0.014,N/A,SELECTED_FROM_AVAILABLE_COVERAGE,uploaded_coverage_snapshot,0.5*line_pct/100 + 0.5*condition_pct/100
